timestamps,lefthand_0_x,lefthand_0_y,lefthand_0_z,lefthand_1_x,lefthand_1_y,lefthand_1_z,lefthand_2_x,lefthand_2_y,lefthand_2_z,lefthand_3_x,lefthand_3_y,lefthand_3_z,lefthand_4_x,lefthand_4_y,lefthand_4_z,lefthand_5_x,lefthand_5_y,lefthand_5_z,lefthand_6_x,lefthand_6_y,lefthand_6_z,lefthand_7_x,lefthand_7_y,lefthand_7_z,lefthand_8_x,lefthand_8_y,lefthand_8_z,lefthand_9_x,lefthand_9_y,lefthand_9_z,lefthand_10_x,lefthand_10_y,lefthand_10_z,lefthand_11_x,lefthand_11_y,lefthand_11_z,lefthand_12_x,lefthand_12_y,lefthand_12_z,lefthand_13_x,lefthand_13_y,lefthand_13_z,lefthand_14_x,lefthand_14_y,lefthand_14_z,lefthand_15_x,lefthand_15_y,lefthand_15_z,lefthand_16_x,lefthand_16_y,lefthand_16_z,lefthand_17_x,lefthand_17_y,lefthand_17_z,lefthand_18_x,lefthand_18_y,lefthand_18_z,lefthand_19_x,lefthand_19_y,lefthand_19_z,lefthand_20_x,lefthand_20_y,lefthand_20_z,righthand_0_x,righthand_0_y,righthand_0_z,righthand_1_x,righthand_1_y,righthand_1_z,righthand_2_x,righthand_2_y,righthand_2_z,righthand_3_x,righthand_3_y,righthand_3_z,righthand_4_x,righthand_4_y,righthand_4_z,righthand_5_x,righthand_5_y,righthand_5_z,righthand_6_x,righthand_6_y,righthand_6_z,righthand_7_x,righthand_7_y,righthand_7_z,righthand_8_x,righthand_8_y,righthand_8_z,righthand_9_x,righthand_9_y,righthand_9_z,righthand_10_x,righthand_10_y,righthand_10_z,righthand_11_x,righthand_11_y,righthand_11_z,righthand_12_x,righthand_12_y,righthand_12_z,righthand_13_x,righthand_13_y,righthand_13_z,righthand_14_x,righthand_14_y,righthand_14_z,righthand_15_x,righthand_15_y,righthand_15_z,righthand_16_x,righthand_16_y,righthand_16_z,righthand_17_x,righthand_17_y,righthand_17_z,righthand_18_x,righthand_18_y,righthand_18_z,righthand_19_x,righthand_19_y,righthand_19_z,righthand_20_x,righthand_20_y,righthand_20_z,pose_0_x,pose_0_y,pose_0_z,pose_1_x,pose_1_y,pose_1_z,pose_2_x,pose_2_y,pose_2_z,pose_3_x,pose_3_y,pose_3_z,pose_4_x,pose_4_y,pose_4_z,pose_5_x,pose_5_y,pose_5_z,pose_6_x,pose_6_y,pose_6_z,pose_7_x,pose_7_y,pose_7_z,pose_8_x,pose_8_y,pose_8_z,pose_9_x,pose_9_y,pose_9_z,pose_10_x,pose_10_y,pose_10_z,pose_11_x,pose_11_y,pose_11_z,pose_12_x,pose_12_y,pose_12_z,pose_13_x,pose_13_y,pose_13_z,pose_14_x,pose_14_y,pose_14_z,pose_15_x,pose_15_y,pose_15_z,pose_16_x,pose_16_y,pose_16_z,pose_17_x,pose_17_y,pose_17_z,pose_18_x,pose_18_y,pose_18_z,pose_19_x,pose_19_y,pose_19_z,pose_20_x,pose_20_y,pose_20_z,pose_21_x,pose_21_y,pose_21_z,pose_22_x,pose_22_y,pose_22_z,pose_23_x,pose_23_y,pose_23_z,pose_24_x,pose_24_y,pose_24_z
0.0,,,,,,,,,,,,,,,,,,,,,,,,,,,,,,,,,,,,,,,,,,,,,,,,,,,,,,,,,,,,,,,,,,,,,,,,,,,,,,,,,,,,,,,,,,,,,,,,,,,,,,,,,,,,,,,,,,,,,,,,,,,,,,,0.5079210996627808,0.3035109043121338,-0.0006379479891620576,0.5247880816459656,0.26004043221473694,-0.0014416679041460156,0.5349925756454468,0.26160916686058044,0.008704537525773048,0.5450876355171204,0.26331499218940735,-0.00012814912770409137,0.49643194675445557,0.2554837465286255,0.004409999120980501,0.48625504970550537,0.253717839717865,0.0005683461204171181,0.4762619733810425,0.25198864936828613,-0.0034722161944955587,0.5573542714118958,0.2872970700263977,-0.006114182528108358,0.4615936875343323,0.2722868323326111,-0.005403732880949974,0.5256595611572266,0.35522300004959106,0.004090507980436087,0.4870592951774597,0.349414199590683,-0.0056198975071311,0.6222028136253357,0.5351390242576599,-0.001478377147577703,0.3785705864429474,0.5234232544898987,0.0016826242208480835,0.6646112203598022,0.8903918266296387,0.06242553889751434,0.32295507192611694,0.8811304569244385,0.07801073044538498,0.6924774050712585,1.155074954032898,-0.08890165388584137,0.3133600354194641,1.1476714611053467,-0.06594637781381607,0.7186959385871887,1.2452009916305542,0.0016465072985738516,0.2882315218448639,1.2364097833633423,0.0012398982653394341,0.6968811750411987,1.2517896890640259,0.00547652505338192,0.3130904734134674,1.2453622817993164,-0.001255993964150548,0.6787843704223633,1.2226858139038086,-0.002786230528727174,0.33108872175216675,1.21538245677948,-0.0036598166916519403,0.5815735459327698,1.0836951732635498,0.24212364852428436,0.4249628186225891,1.0893863439559937,0.2474643439054489
41.7,,,,,,,,,,,,,,,,,,,,,,,,,,,,,,,,,,,,,,,,,,,,,,,,,,,,,,,,,,,,,,,,,,,,,,,,,,,,,,,,,,,,,,,,,,,,,,,,,,,,,,,,,,,,,,,,,,,,,,,,,,,,,,,0.5145629048347473,0.305921345949173,-0.00045130011858418584,0.5315817594528198,0.259918212890625,-0.0014728476526215672,0.5420660972595215,0.26050683856010437,0.008786546066403389,0.552413821220398,0.261248916387558,-0.00012111637624911964,0.5020610094070435,0.25807425379753113,0.00438337167724967,0.4914883077144623,0.25728967785835266,0.0007241448038257658,0.4810926914215088,0.2565763592720032,-0.0033242928329855204,0.5628610849380493,0.2851926386356354,-0.0061124288477003574,0.46517637372016907,0.2787076234817505,-0.005421208683401346,0.5319627523422241,0.35740146040916443,0.004359282553195953,0.49200522899627686,0.35504254698753357,-0.005674588028341532,0.6315150856971741,0.5397263169288635,-0.0030644291546195745,0.38242748379707336,0.5331864356994629,0.0032364060170948505,0.6736506223678589,0.9070397615432739,0.06428378820419312,0.3244912326335907,0.876898467540741,0.09765201807022095,0.6938316822052002,1.1733287572860718,-0.08722180873155594,0.308908611536026,1.1401649713516235,-0.04390045627951622,0.7268900871276855,1.2582134008407593,0.001650588703341782,0.2811533212661743,1.2269197702407837,0.0012942174216732383,0.7100984454154968,1.2679526805877686,0.0054952725768089294,0.30289021134376526,1.2422653436660767,-0.0012569088721647859,0.6899490356445312,1.241468906402588,-0.0028761604335159063,0.32210078835487366,1.2172309160232544,-0.0036535223480314016,0.587456226348877,1.1039669513702393,0.2648240625858307,0.42737871408462524,1.103268027305603,0.2891080379486084
83.41111111111111,,,,,,,,,,,,,,,,,,,,,,,,,,,,,,,,,,,,,,,,,,,,,,,,,,,,,,,,,,,,,,,,,,,,,,,,,,,,,,,,,,,,,,,,,,,,,,,,,,,,,,,,,,,,,,,,,,,,,,,,,,,,,,,0.5170201659202576,0.3112838864326477,-0.0003024629841092974,0.5345661044120789,0.2644231915473938,-0.001497296616435051,0.5452051758766174,0.26504212617874146,0.008843296207487583,0.5557584762573242,0.26578396558761597,-0.00011219568114029244,0.505023717880249,0.26211079955101013,0.00436834990978241,0.4942687749862671,0.26104432344436646,0.0008165423641912639,0.4836871325969696,0.2600552439689636,-0.003279503434896469,0.567887544631958,0.28808891773223877,-0.006117179524153471,0.46786755323410034,0.2802037298679352,-0.005431036930531263,0.5347508788108826,0.3624683618545532,0.004483564756810665,0.49509912729263306,0.3592905104160309,-0.005679553374648094,0.634121835231781,0.5462276339530945,-0.007398276124149561,0.3870307207107544,0.5356432199478149,0.007550139911472797,0.6765353679656982,0.9101287126541138,0.06315500289201736,0.32877251505851746,0.875694990158081,0.10384725779294968,0.697991669178009,1.1832231283187866,-0.0837680920958519,0.3070293664932251,1.142067790031433,-0.03468373790383339,0.7272794842720032,1.2713202238082886,0.0016562220407649875,0.27999550104141235,1.2260408401489258,0.0013052570866420865,0.7089449167251587,1.2798112630844116,0.005508338566869497,0.3005974590778351,1.2420982122421265,-0.0012760243844240904,0.6899168491363525,1.2515466213226318,-0.0029436773620545864,0.3196359872817993,1.21767258644104,-0.003595779649913311,0.587859570980072,1.1105537414550781,0.269504576921463,0.427063912153244,1.104860544204712,0.30037662386894226
125.12222222222222,,,,,,,,,,,,,,,,,,,,,,,,,,,,,,,,,,,,,,,,,,,,,,,,,,,,,,,,,,,,,,,,,,,,,,,,,,,,,,,,,,,,,,,,,,,,,,,,,,,,,,,,,,,,,,,,,,,,,,,,,,,,,,,0.5180947184562683,0.311979740858078,-0.00016362572205252945,0.535343587398529,0.26634928584098816,-0.0015228892443701625,0.5460159778594971,0.2671128213405609,0.008887633681297302,0.5565800666809082,0.2679885923862457,-8.458585944026709e-05,0.5055160522460938,0.2637633979320526,0.004336937330663204,0.4947279095649719,0.2626628279685974,0.00095586315728724,0.48412689566612244,0.2616429030895233,-0.0032268939539790154,0.5682318210601807,0.29124876856803894,-0.006117503624409437,0.46791568398475647,0.2823297083377838,-0.005455021280795336,0.5358625650405884,0.36375150084495544,0.004642358049750328,0.4954206049442291,0.3602669835090637,-0.005684715695679188,0.6342888474464417,0.5509859919548035,-0.010761663317680359,0.38865169882774353,0.5383249521255493,0.01087801530957222,0.6804850697517395,0.9089749455451965,0.06300299614667892,0.3296091854572296,0.8768296241760254,0.1081305742263794,0.6991387605667114,1.1844234466552734,-0.08282546699047089,0.30487075448036194,1.1397054195404053,-0.03130073472857475,0.7272952198982239,1.2735528945922852,0.0016690065385773778,0.27686038613319397,1.2206968069076538,0.001325304969213903,0.7087992429733276,1.282294750213623,0.00552745396271348,0.29555201530456543,1.2378811836242676,-0.0012864565942436457,0.6898381114006042,1.2526934146881104,-0.0029973513446748257,0.31504327058792114,1.2145822048187256,-0.0035336632281541824,0.5893764495849609,1.1132652759552002,0.26639702916145325,0.42732182145118713,1.1056944131851196,0.2973342537879944
166.83333333333334,,,,,,,,,,,,,,,,,,,,,,,,,,,,,,,,,,,,,,,,,,,,,,,,,,,,,,,,,,,,,,,,,,,,,,,,,,,,,,,,,,,,,,,,,,,,,,,,,,,,,,,,,,,,,,,,,,,,,,,,,,,,,,,0.5201929807662964,0.31173643469810486,-7.373770495178178e-05,0.5370999574661255,0.2660645544528961,-0.0015305493725463748,0.5478898286819458,0.2667408585548401,0.008916922844946384,0.5585970282554626,0.2675301730632782,-4.152082328801043e-05,0.5069178342819214,0.2638428807258606,0.00432692700996995,0.49598658084869385,0.2629047632217407,0.001037397887557745,0.48524126410484314,0.2620416283607483,-0.003207825357094407,0.5710546970367432,0.2915119230747223,-0.006119774654507637,0.4692370593547821,0.2836467921733856,-0.00547506008297205,0.5390338897705078,0.3638065755367279,0.0047061326913535595,0.49795812368392944,0.36085090041160583,-0.005684969015419483,0.6401071548461914,0.5556845664978027,-0.012788519263267517,0.3910338580608368,0.540349006652832,0.012895211577415466,0.6862303018569946,0.9074810743331909,0.06290256232023239,0.3358842134475708,0.8785116076469421,0.10723043233156204,0.7006731629371643,1.1784473657608032,-0.08995996415615082,0.30416879057884216,1.1346838474273682,-0.03532654047012329,0.7242586016654968,1.2661828994750977,0.0016714658122509718,0.27511703968048096,1.2153688669204712,0.0013294583186507225,0.7033540606498718,1.2726308107376099,0.005531724076718092,0.29493728280067444,1.2327148914337158,-0.0013033957220613956,0.6859185099601746,1.2432262897491455,-0.0030605164356529713,0.314571738243103,1.2097783088684082,-0.0034540481865406036,0.589704155921936,1.1139767169952393,0.262798935174942,0.4277458190917969,1.1069509983062744,0.29343751072883606
208.53333333333336,,,,,,,,,,,,,,,,,,,,,,,,,,,,,,,,,,,,,,,,,,,,,,,,,,,,,,,,,,,,,,,,,,,,,,,,,,,,,,,,,,,,,,,,,,,,,,,,,,,,,,,,,,,,,,,,,,,,,,,,,,,,,,,0.5203359127044678,0.3104998767375946,3.5480497899698094e-05,0.537185788154602,0.2647949159145355,-0.0015361558180302382,0.5479933619499207,0.26528698205947876,0.008942171931266785,0.5587244033813477,0.26589298248291016,6.959780876059085e-06,0.5069111585617065,0.2632209360599518,0.004289357922971249,0.4959661364555359,0.262562096118927,0.0011900786776095629,0.4852049648761749,0.26198428869247437,-0.0031618664506822824,0.5716731548309326,0.2900145351886749,-0.006120727397501469,0.4695678949356079,0.2841761112213135,-0.005501782521605492,0.5397011637687683,0.3625809848308563,0.004854777827858925,0.4984941780567169,0.360466867685318,-0.005711670964956284,0.6430578231811523,0.5604056715965271,-0.013412926346063614,0.3919643759727478,0.5413516163825989,0.013556836172938347,0.6882505416870117,0.9093782305717468,0.06326931715011597,0.3376178443431854,0.8813596963882446,0.10621186345815659,0.7006537318229675,1.178285002708435,-0.09965939819812775,0.301429808139801,1.1377160549163818,-0.03484419360756874,0.7237899303436279,1.2649202346801758,0.0016721241408959031,0.2719278931617737,1.2171558141708374,0.0013311043148860335,0.7015795111656189,1.2692750692367554,0.005533155985176563,0.29091858863830566,1.235302209854126,-0.0013037679018452764,0.6849201917648315,1.240399956703186,-0.003106307238340378,0.3108384609222412,1.2122584581375122,-0.0034244300331920385,0.5889379978179932,1.1155991554260254,0.2621760666370392,0.4267696738243103,1.108824372291565,0.29425472021102905
250.24444444444444,,,,,,,,,,,,,,,,,,,,,,,,,,,,,,,,,,,,,,,,,,,,,,,,,,,,,,,,,,,,,,,,,,,,,,,,,,,,,,,,,,,,,,,,,,,,,,,,,,,,,,,,,,,,,,,,,,,,,,,,,,,,,,,0.5207688808441162,0.3100534677505493,3.359801849001087e-05,0.5373794436454773,0.263508677482605,-0.0014279073802754283,0.5483039021492004,0.2637672424316406,0.008818129077553749,0.5591647624969482,0.26413246989250183,0.00011457517393864691,0.5068569779396057,0.26238560676574707,0.00427203020080924,0.4958888292312622,0.2618718445301056,0.001201234059408307,0.4851733446121216,0.26144707202911377,-0.0031482523772865534,0.57228022813797,0.2872878313064575,-0.006120782811194658,0.4695494472980499,0.283477246761322,-0.005508275702595711,0.5408373475074768,0.36190906167030334,0.0048885708674788475,0.4989249110221863,0.3602883815765381,-0.005664953961968422,0.6445425748825073,0.5595149397850037,-0.007964919321238995,0.39162808656692505,0.5463782548904419,0.008142681792378426,0.6948091387748718,0.9060775637626648,0.10515739023685455,0.3373323976993561,0.8912782669067383,0.08907025307416916,0.7007986307144165,1.1239500045776367,-0.1450532227754593,0.30186235904693604,1.1413609981536865,-0.0551556721329689,0.7213826775550842,1.197677731513977,0.001683462643995881,0.27266624569892883,1.217236042022705,0.001255133654922247,0.7012304067611694,1.1804823875427246,0.0054906620644032955,0.2904159128665924,1.2359611988067627,-0.0013795736012980342,0.6853439211845398,1.154460072517395,-0.003122773952782154,0.31077370047569275,1.2124605178833008,-0.0034027318470180035,0.5888683795928955,1.1196858882904053,0.23353581130504608,0.4262750744819641,1.1116825342178345,0.24481520056724548
291.9555555555556,,,,,,,,,,,,,,,,,,,,,,,,,,,,,,,,,,,,,,,,,,,,,,,,,,,,,,,,,,,,,,,,0.7047368884086609,0.8175018429756165,6.362482736221864e-07,0.6842095851898193,0.7777424454689026,0.010234221816062927,0.6738230586051941,0.7419757843017578,0.018697699531912804,0.6680542230606079,0.7120762467384338,0.02344016544520855,0.6679065823554993,0.6864174008369446,0.021918857470154762,0.6948142647743225,0.7256255149841309,0.04055079445242882,0.6884366869926453,0.7258815765380859,0.06037794053554535,0.6816347241401672,0.7376652956008911,0.057963285595178604,0.6771458983421326,0.750586748123169,0.05505026504397392,0.7031406164169312,0.7373810410499573,0.04303399845957756,0.6957613825798035,0.7359501719474792,0.06732873618602753,0.6889711022377014,0.7492167949676514,0.061285048723220825,0.6851722002029419,0.7630406022071838,0.05521831661462784,0.7083775997161865,0.7505035400390625,0.04702023044228554,0.7017470002174377,0.7480186820030212,0.06807726621627808,0.6954813599586487,0.7581061124801636,0.05822416767477989,0.692841112613678,0.768638014793396,0.04941513389348984,0.7114020586013794,0.7613674998283386,0.052964720875024796,0.7097359895706177,0.7509258389472961,0.07103326171636581,0.7049458026885986,0.7544538378715515,0.07737863063812256,0.7020238041877747,0.7625945210456848,0.08161578327417374,0.5192155838012695,0.31153351068496704,3.937538349418901e-05,0.5351415276527405,0.264600932598114,-0.00111288670450449,0.5459065437316895,0.26457980275154114,0.00843405444175005,0.5566228032112122,0.26467108726501465,0.00017976407252717763,0.5050738453865051,0.26447421312332153,0.004447807092219591,0.4943980276584625,0.26445671916007996,0.0012457559350878,0.4838789999485016,0.26452916860580444,-0.002849570009857416,0.5714457631111145,0.28802090883255005,-0.006123497616499662,0.47011101245880127,0.2872530519962311,-0.00545157864689827,0.539524495601654,0.3643452823162079,0.004920206964015961,0.4992500841617584,0.364393949508667,-0.005571385845541954,0.6473209261894226,0.5644083023071289,-0.00390851404517889,0.3914639949798584,0.552177906036377,0.004132857546210289,0.702116072177887,0.9190828800201416,0.13312558829784393,0.3351302146911621,0.9032139778137207,0.11184696853160858,0.6973570585250854,0.8877514600753784,-0.19322510063648224,0.3015081584453583,1.1402369737625122,-0.037716880440711975,0.7186065912246704,0.8814679980278015,0.0016755504766479135,0.2764144241809845,1.2140538692474365,0.00016917410539463162,0.6986427307128906,0.8140592575073242,0.0052422345615923405,0.2900960445404053,1.2281792163848877,-0.0013307486660778522,0.6880969405174255,0.8210591673851013,-0.002817947417497635,0.30900073051452637,1.2030010223388672,-0.003535993630066514,0.5891477465629578,1.1326009035110474,0.2781903147697449,0.42343103885650635,1.117834210395813,0.2783161997795105
333.6666666666667,,,,,,,,,,,,,,,,,,,,,,,,,,,,,,,,,,,,,,,,,,,,,,,,,,,,,,,,,,,,,,,,0.6850642561912537,0.6958341002464294,-1.6022444469854236e-05,0.6733345985412598,0.6519668102264404,6.742648110957816e-05,0.6721307635307312,0.6166553497314453,0.00676730228587985,0.6735357046127319,0.5900506973266602,0.015254762023687363,0.6737922430038452,0.5711695551872253,0.02398531325161457,0.6997694969177246,0.5943499207496643,0.01853245124220848,0.699978768825531,0.5662499666213989,0.03960327059030533,0.695007860660553,0.5590029954910278,0.05389435961842537,0.6908526420593262,0.5576085448265076,0.062094949185848236,0.7059271335601807,0.6098623275756836,0.027410417795181274,0.7037550210952759,0.5832682251930237,0.05213933810591698,0.6967166662216187,0.5807837843894958,0.0661490336060524,0.6919185519218445,0.582270085811615,0.07331794500350952,0.7069721221923828,0.6268582940101624,0.03651823848485947,0.7045660018920898,0.6052157878875732,0.05826933681964874,0.6969298720359802,0.6025605797767639,0.06573138386011124,0.6907646656036377,0.6051828861236572,0.06860741972923279,0.7052544355392456,0.6425808072090149,0.04531867057085037,0.7029619216918945,0.6206933856010437,0.060902033001184464,0.6976436376571655,0.6148878931999207,0.06694956123828888,0.6926059126853943,0.6162082552909851,0.07073182612657547,0.5194093585014343,0.30909091234207153,4.0781036659609526e-05,0.5350814461708069,0.26307666301727295,-0.0009841423016041517,0.5456877946853638,0.26314377784729004,0.008239652030169964,0.5562354326248169,0.2633221745491028,0.0004680908168666065,0.505224347114563,0.26282116770744324,0.004624940920621157,0.49481749534606934,0.2628623843193054,0.001405990798957646,0.4845626652240753,0.26302969455718994,-0.0025453707203269005,0.5717164278030396,0.28653672337532043,-0.0061223325319588184,0.471659392118454,0.2858666181564331,-0.00539392651990056,0.5397769808769226,0.3613090217113495,0.00488340063020587,0.5004581212997437,0.3611110746860504,-0.005448007490485907,0.6517258882522583,0.563616931438446,0.0018613451393321157,0.39143386483192444,0.557834267616272,-0.0016167137073352933,0.7043116688728333,0.9332401752471924,0.09643985331058502,0.3355702757835388,0.9097921252250671,0.128959521651268,0.6946927905082703,0.7998362183570862,-0.3553239703178406,0.30202221870422363,1.144701600074768,-0.039467956870794296,0.7119184136390686,0.7684571743011475,0.0015127883525565267,0.27893325686454773,1.2182642221450806,-0.0009556902223266661,0.6940444707870483,0.6973255276679993,0.005143325310200453,0.28954410552978516,1.2292026281356812,-0.001273945439606905,0.6850042343139648,0.714302122592926,-0.0026750732213258743,0.3079706132411957,1.2045382261276245,-0.0035920150112360716,0.5939910411834717,1.1374377012252808,0.27094656229019165,0.4223533868789673,1.124627947807312,0.2624630928039551
375.3666666666667,,,,,,,,,,,,,,,,,,,,,,,,,,,,,,,,,,,,,,,,,,,,,,,,,,,,,,,,,,,,,,,,0.6877111196517944,0.6849815249443054,-2.2648825961368857e-06,0.6863919496536255,0.6614395976066589,-0.028830261901021004,0.6855707764625549,0.6336572170257568,-0.05464061349630356,0.6879714131355286,0.6098558902740479,-0.07290901243686676,0.6923859119415283,0.5858268141746521,-0.08988017588853836,0.681378960609436,0.6147387027740479,-0.08418522030115128,0.6875821948051453,0.5730353593826294,-0.11384753882884979,0.6915521025657654,0.5382207036018372,-0.13178247213363647,0.6934126615524292,0.504489004611969,-0.1432035267353058,0.6821528077125549,0.6138356328010559,-0.07760962098836899,0.6885260343551636,0.5696197152137756,-0.10778934508562088,0.6917842030525208,0.5358902812004089,-0.1236683800816536,0.6941014528274536,0.5028259754180908,-0.13714157044887543,0.6836163401603699,0.6152017712593079,-0.06828553229570389,0.6884976029396057,0.5738689303398132,-0.08871006220579147,0.689464271068573,0.5401367545127869,-0.10432235151529312,0.6900210976600647,0.508651077747345,-0.11766822636127472,0.6844343543052673,0.6198095679283142,-0.05947355553507805,0.6884596347808838,0.5895047187805176,-0.07369652390480042,0.6881587505340576,0.5624638795852661,-0.08340759575366974,0.6876360177993774,0.5356801748275757,-0.09238705039024353,0.5226239562034607,0.3084564507007599,-2.18480963667389e-05,0.5370832681655884,0.26211777329444885,-0.001003429526463151,0.5475110411643982,0.26230162382125854,0.008106359280645847,0.5578712224960327,0.26260361075401306,0.0006258633220568299,0.5071673393249512,0.261676549911499,0.004818195942789316,0.49654868245124817,0.2617988884449005,0.0016318290727213025,0.48610299825668335,0.26212120056152344,-0.0024636429734528065,0.5714167356491089,0.28627780079841614,-0.006122162565588951,0.47159743309020996,0.2871558964252472,-0.005228801164776087,0.5425496101379395,0.35897740721702576,0.004710476379841566,0.5029272437095642,0.35812249779701233,-0.00496492488309741,0.6447934508323669,0.5574729442596436,0.00945099163800478,0.39090412855148315,0.557235062122345,-0.009482200257480145,0.7015061974525452,0.9357912540435791,-0.040805209428071976,0.33765146136283875,0.9060531854629517,0.10328182578086853,0.6909058094024658,0.6829280853271484,-0.41437438130378723,0.30076831579208374,1.1402676105499268,-0.05511968210339546,0.7102972865104675,0.6126766204833984,0.0013229458127170801,0.275096595287323,1.22003972530365,-0.0016353335231542587,0.6904023885726929,0.562067449092865,0.00513613224029541,0.28796082735061646,1.229723572731018,-0.0009884086903184652,0.6777109503746033,0.595780074596405,-0.0024288776330649853,0.30642271041870117,1.2059983015060425,-0.003656393149867654,0.5923511385917664,1.1268422603607178,0.11348852515220642,0.42312100529670715,1.1205071210861206,0.11747708916664124
417.07777777777784,,,,,,,,,,,,,,,,,,,,,,,,,,,,,,,,,,,,,,,,,,,,,,,,,,,,,,,,,,,,,,,,0.6745415925979614,0.5344102382659912,-1.396505376760615e-05,0.6776798367500305,0.5020229816436768,0.002817092929035425,0.6819330453872681,0.4719107747077942,-0.004541173577308655,0.6848000884056091,0.45199960470199585,-0.010818630456924438,0.6860645413398743,0.4421132802963257,-0.01921948976814747,0.6811649799346924,0.452809602022171,-0.031357958912849426,0.689640998840332,0.4126951992511749,-0.04232101887464523,0.6948527097702026,0.3830690383911133,-0.04735972732305527,0.6981980800628662,0.35541462898254395,-0.051648639142513275,0.6807061433792114,0.4526776075363159,-0.0343303419649601,0.6890468597412109,0.4070267379283905,-0.04983887821435928,0.6940953135490417,0.37306636571884155,-0.05521836131811142,0.6984943747520447,0.3407251238822937,-0.060896262526512146,0.6791433691978455,0.45714056491851807,-0.033280149102211,0.6886445879936218,0.41526857018470764,-0.04301523417234421,0.6938665509223938,0.38364219665527344,-0.04406355693936348,0.6969879865646362,0.3586982488632202,-0.04645741358399391,0.677429735660553,0.4654519855976105,-0.03060620278120041,0.6861844658851624,0.4343891739845276,-0.03593640774488449,0.6904691457748413,0.4143889248371124,-0.0361727736890316,0.6927722692489624,0.39798545837402344,-0.03826175257563591,0.5217123031616211,0.3057648241519928,-0.00025591900339350104,0.5371708869934082,0.26206502318382263,-0.001049368060193956,0.5477851033210754,0.26230043172836304,0.008023284375667572,0.5583289265632629,0.2626073360443115,0.000624264997895807,0.5068667531013489,0.26144471764564514,0.004877376835793257,0.4960728585720062,0.26165345311164856,0.0017371844733133912,0.48546311259269714,0.2621024549007416,-0.0024512247182428837,0.572056233882904,0.28784438967704773,-0.006125892046838999,0.4708610773086548,0.28661006689071655,-0.00503555778414011,0.5415071249008179,0.3589743971824646,0.004573802929371595,0.5011510848999023,0.35805758833885193,-0.004579472821205854,0.6419841647148132,0.5586281418800354,0.0064955418929457664,0.39034709334373474,0.5552924275398254,-0.006589713506400585,0.711012601852417,0.9209141731262207,-0.1459002047777176,0.33705368638038635,0.8989439010620117,0.08190476894378662,0.688188910484314,0.5821919441223145,-0.40594613552093506,0.29979345202445984,1.137566328048706,-0.06359735876321793,0.6984155178070068,0.4839767515659332,0.00122487498447299,0.27460017800331116,1.2207305431365967,-0.0018762240651994944,0.6839242577552795,0.4555124342441559,0.005078211426734924,0.286831796169281,1.2299076318740845,-0.0006026705377735198,0.6707910895347595,0.5001826286315918,-0.002085550921037793,0.3049556314945221,1.2067855596542358,-0.00385384657420218,0.5900177955627441,1.1303075551986694,0.08058858662843704,0.42164263129234314,1.11976957321167,0.09673096239566803
458.7888888888889,,,,,,,,,,,,,,,,,,,,,,,,,,,,,,,,,,,,,,,,,,,,,,,,,,,,,,,,,,,,,,,,0.6705930829048157,0.5321231484413147,4.766700840264093e-06,0.6719854474067688,0.4900880753993988,0.014688070863485336,0.6745864748954773,0.45603230595588684,0.01441771537065506,0.6763266324996948,0.43192532658576965,0.011047950945794582,0.678050696849823,0.41130998730659485,0.00535973347723484,0.6751951575279236,0.4395312964916229,-0.012937868013978004,0.678135335445404,0.40089917182922363,-0.024970395490527153,0.6798222064971924,0.3723026514053345,-0.031492918729782104,0.6813000440597534,0.3473660945892334,-0.03512782230973244,0.6745296120643616,0.4459412395954132,-0.026922034099698067,0.6768158078193665,0.40334030985832214,-0.04213104397058487,0.6790146827697754,0.3700501024723053,-0.05228251591324806,0.6810047626495361,0.3403552174568176,-0.05965295806527138,0.6721917390823364,0.45579853653907776,-0.03768865391612053,0.6745483875274658,0.4154757261276245,-0.05005689337849617,0.6760134696960449,0.3844137191772461,-0.05841248854994774,0.6770594716072083,0.3590755760669708,-0.06571156531572342,0.669065535068512,0.4688383638858795,-0.046634625643491745,0.6711373925209045,0.4382040202617645,-0.058254584670066833,0.6721494197845459,0.4144291281700134,-0.0653742104768753,0.6729076504707336,0.39335840940475464,-0.07095088809728622,0.5242573618888855,0.3056877851486206,-0.0005284282378852367,0.5395607948303223,0.26296770572662354,-0.0011188017670065165,0.5500537157058716,0.2635048031806946,0.008037790656089783,0.5604677200317383,0.264142781496048,0.0005713538848794997,0.5093813538551331,0.26180028915405273,0.004951081238687038,0.4985968768596649,0.2618706524372101,0.0017495285719633102,0.4880041182041168,0.2621508538722992,-0.0024516740813851357,0.5734968185424805,0.29089608788490295,-0.006142337806522846,0.4725533127784729,0.28773990273475647,-0.004893373232334852,0.5432872772216797,0.3591192662715912,0.004431161098182201,0.5030276775360107,0.3578869104385376,-0.004393584094941616,0.6410015225410461,0.5594350695610046,0.00568357901647687,0.3917027413845062,0.5576902627944946,-0.005788254551589489,0.717197060585022,0.9046754837036133,-0.15111878514289856,0.3377092182636261,0.9069514870643616,0.0798085629940033,0.685020923614502,0.5499956607818604,-0.38472625613212585,0.30662140250205994,1.1577411890029907,-0.06015565246343613,0.6895848512649536,0.45213907957077026,0.0012099719606339931,0.2830462157726288,1.2458155155181885,-0.0021425499580800533,0.6763882637023926,0.4295874536037445,0.005050708074122667,0.2981921136379242,1.2553439140319824,-0.0002938497345894575,0.6642935872077942,0.4734034836292267,-0.0018365341238677502,0.315536767244339,1.2295833826065063,-0.004124457016587257,0.5874907970428467,1.133286952972412,0.06931263953447342,0.4214957058429718,1.1231061220169067,0.07996666431427002
500.50000000000006,0.6583788990974426,0.5257019400596619,1.0461635611136444e-05,0.6606721878051758,0.48608267307281494,0.021331872791051865,0.6637890934944153,0.45421457290649414,0.025792334228754044,0.6655321717262268,0.4315553605556488,0.025833511725068092,0.6665571331977844,0.4135737419128418,0.023443493992090225,0.6648374795913696,0.4310837686061859,0.008362273685634136,0.6658403873443604,0.394521027803421,0.007152293808758259,0.6663839817047119,0.36594149470329285,0.004782439209520817,0.6666866540908813,0.3416389524936676,0.002287814626470208,0.6639713644981384,0.4344150722026825,-0.007093071937561035,0.664992094039917,0.3923116624355316,-0.011598215438425541,0.6654770374298096,0.3588642477989197,-0.01742098294198513,0.6656522154808044,0.3285190761089325,-0.023456387221813202,0.6609436273574829,0.4404914677143097,-0.019511209800839424,0.6627792119979858,0.39965376257896423,-0.022913143038749695,0.6633520126342773,0.36774149537086487,-0.027040952816605568,0.6633124351501465,0.3416505455970764,-0.03187838941812515,0.6565790176391602,0.4492932856082916,-0.03043445013463497,0.660014271736145,0.41668015718460083,-0.035900868475437164,0.6613936424255371,0.39238765835762024,-0.04008445516228676,0.6618152856826782,0.3703744411468506,-0.04364313930273056,,,,,,,,,,,,,,,,,,,,,,,,,,,,,,,,,,,,,,,,,,,,,,,,,,,,,,,,,,,,,,,,0.5249581933021545,0.30496445298194885,-0.0007343348115682602,0.5398401618003845,0.26295581459999084,-0.0013198725646361709,0.5502673387527466,0.2634876072406769,0.008037998341023922,0.5606064200401306,0.2641206383705139,0.0003814237134065479,0.5097475051879883,0.2617895305156708,0.005000777076929808,0.49893754720687866,0.26184019446372986,0.001773772994056344,0.48831477761268616,0.26208606362342834,-0.002457963302731514,0.5735114812850952,0.29071667790412903,-0.006191119085997343,0.4725506603717804,0.28786566853523254,-0.004725711885839701,0.5436965227127075,0.3589896261692047,0.004313899669796228,0.5035921335220337,0.3577832877635956,-0.004277677275240421,0.6382986307144165,0.5594351887702942,0.005182637833058834,0.39169031381607056,0.5583006739616394,-0.00526709808036685,0.7162474393844604,0.8896650075912476,-0.1988806426525116,0.3367873430252075,0.9098985195159912,0.0718134194612503,0.6727733612060547,0.5253157019615173,-0.39543840289115906,0.30849510431289673,1.1664689779281616,-0.060600511729717255,0.6754511594772339,0.4229035973548889,0.0012030837824568152,0.2860652506351471,1.2580434083938599,-0.0021790149621665478,0.6625776886940002,0.40426546335220337,0.005037175957113504,0.303832471370697,1.2678112983703613,-3.613827720982954e-05,0.6504040956497192,0.4503791630268097,-0.0016532118897885084,0.32062289118766785,1.2405518293380737,-0.004365397617220879,0.5858756303787231,1.1333532333374023,0.0842079147696495,0.42156800627708435,1.1242018938064575,0.08493724465370178
542.2,0.6454728245735168,0.5204106569290161,9.651033906266093e-06,0.6503571271896362,0.4822748005390167,0.018648972734808922,0.653706967830658,0.4512106776237488,0.020083721727132797,0.655579686164856,0.4299047589302063,0.017698723822832108,0.6562781929969788,0.4126470685005188,0.013257008045911789,0.648371696472168,0.42249834537506104,0.0016195080243051052,0.6503908038139343,0.38530975580215454,-0.004977222997695208,0.6512755155563354,0.35696443915367126,-0.010262830182909966,0.6513993740081787,0.3316892683506012,-0.01502708438783884,0.6472247242927551,0.4258226156234741,-0.014282996766269207,0.6497002243995667,0.3838096261024475,-0.024226931855082512,0.6509244441986084,0.3502347767353058,-0.031730420887470245,0.6520538330078125,0.3192427158355713,-0.037755805999040604,0.6451951265335083,0.4319642186164856,-0.027460511773824692,0.6484041810035706,0.3911466896533966,-0.0361456461250782,0.6492500901222229,0.3585186004638672,-0.04184993728995323,0.6496456265449524,0.3312799036502838,-0.04676384478807449,0.6428692936897278,0.44060516357421875,-0.03899799659848213,0.646235466003418,0.4062121510505676,-0.047949668020009995,0.6473717093467712,0.3800174295902252,-0.05288562551140785,0.6474794149398804,0.35618045926094055,-0.0559755340218544,,,,,,,,,,,,,,,,,,,,,,,,,,,,,,,,,,,,,,,,,,,,,,,,,,,,,,,,,,,,,,,,0.5248092412948608,0.3014974296092987,-0.0010150817688554525,0.5397243499755859,0.2620103657245636,-0.0014801269862800837,0.5500865578651428,0.26275160908699036,0.008044104091823101,0.5603600144386292,0.26357635855674744,0.00019883809727616608,0.5097941756248474,0.2603601813316345,0.005003762431442738,0.49901488423347473,0.2602238655090332,0.001785955741070211,0.4884260594844818,0.2602348029613495,-0.0024610888212919235,0.5728867650032043,0.2905564308166504,-0.006209267303347588,0.4727640748023987,0.28685712814331055,-0.0046838754788041115,0.543431282043457,0.3567546010017395,0.00420319102704525,0.5034921765327454,0.3549872636795044,-0.004209519363939762,0.6353750228881836,0.561057448387146,0.0026095870416611433,0.391995906829834,0.5602744221687317,-0.002793955383822322,0.7143502831459045,0.8796088695526123,-0.21037724614143372,0.3349195718765259,0.9121386408805847,0.07810813933610916,0.6560471653938293,0.5384710431098938,-0.3915609121322632,0.3085446059703827,1.1682063341140747,-0.04909639060497284,0.6534183025360107,0.4421439468860626,0.0011838874779641628,0.28619009256362915,1.2619115114212036,-0.002185436198487878,0.643509030342102,0.4204002916812897,0.005007217638194561,0.30500200390815735,1.2710086107254028,5.257243901723996e-05,0.6334586143493652,0.4651324152946472,-0.001599257462657988,0.32159778475761414,1.2436094284057617,-0.004491538740694523,0.5825861096382141,1.1353259086608887,0.06535907834768295,0.4206804037094116,1.1268974542617798,0.07031439244747162
583.9111111111112,,,,,,,,,,,,,,,,,,,,,,,,,,,,,,,,,,,,,,,,,,,,,,,,,,,,,,,,,,,,,,,,,,,,,,,,,,,,,,,,,,,,,,,,,,,,,,,,,,,,,,,,,,,,,,,,,,,,,,,,,,,,,,,0.5244203209877014,0.30094805359840393,-0.0012820845004171133,0.5393705368041992,0.26128217577934265,-0.0015797116793692112,0.549834132194519,0.2619953751564026,0.008041794411838055,0.560214638710022,0.2627998888492584,-5.709499600925483e-05,0.5092380046844482,0.25980162620544434,0.004989706911146641,0.49832841753959656,0.259712815284729,0.0017948610475286841,0.4876132607460022,0.25975728034973145,-0.0024800742976367474,0.5730276107788086,0.2899066209793091,-0.006256547756493092,0.47203579545021057,0.28656524419784546,-0.004641113802790642,0.5435193777084351,0.3562678098678589,0.004131485242396593,0.5031546950340271,0.35497111082077026,-0.004174369852989912,0.6363587379455566,0.5593963861465454,-3.328239836264402e-05,0.3924860656261444,0.5606670379638672,-8.651473035570234e-05,0.7135152220726013,0.8885141015052795,-0.21581235527992249,0.33459001779556274,0.9140779972076416,0.08184236288070679,0.6369881629943848,0.5490798354148865,-0.41401565074920654,0.30864647030830383,1.1691664457321167,-0.046407826244831085,0.6285696029663086,0.4540838301181793,0.0011693123960867524,0.28627246618270874,1.2662570476531982,-0.002205121098086238,0.6196848750114441,0.426805317401886,0.005006474908441305,0.30691930651664734,1.2753219604492188,9.941295866155997e-05,0.6114794015884399,0.47299250960350037,-0.0015217014588415623,0.3237817883491516,1.2480721473693848,-0.004656187724322081,0.5839543342590332,1.1324931383132935,0.07799703627824783,0.42190587520599365,1.1261413097381592,0.08506286144256592
625.6222222222223,,,,,,,,,,,,,,,,,,,,,,,,,,,,,,,,,,,,,,,,,,,,,,,,,,,,,,,,,,,,,,,,0.6100683808326721,0.6055914759635925,-4.0203834942076355e-05,0.607495129108429,0.5674769282341003,0.031141024082899094,0.6063352227210999,0.531348705291748,0.04020437225699425,0.6063818335533142,0.507097065448761,0.04067455977201462,0.6068544983863831,0.48640239238739014,0.038538239896297455,0.6082408428192139,0.49581408500671387,0.02081584744155407,0.60809326171875,0.44918081164360046,0.021653439849615097,0.6079286336898804,0.4134409725666046,0.01763037219643593,0.6079355478286743,0.3807164430618286,0.01198840606957674,0.607897162437439,0.5002887845039368,-0.0005975071107968688,0.6094160079956055,0.4471540153026581,-0.007005617488175631,0.609092116355896,0.40462127327919006,-0.012283665128052235,0.6087934374809265,0.3666536808013916,-0.016465764492750168,0.6068350076675415,0.5066713094711304,-0.02066437527537346,0.6074995994567871,0.4546438455581665,-0.02435036189854145,0.608047366142273,0.4133349657058716,-0.0261828675866127,0.6084447503089905,0.3790721297264099,-0.028381383046507835,0.6043882966041565,0.5169824957847595,-0.03767823055386543,0.6031599640846252,0.47431880235671997,-0.04454117640852928,0.6037023067474365,0.44452109932899475,-0.046767428517341614,0.6037371754646301,0.41879791021347046,-0.047565240412950516,0.5220364928245544,0.3011796474456787,-0.0014470823807641864,0.537673830986023,0.26117369532585144,-0.0016292538493871689,0.5481693148612976,0.2617775499820709,0.008031963370740414,0.5585809946060181,0.2624787390232086,-0.00018830418412107974,0.5074055194854736,0.26002198457717896,0.0047912560403347015,0.496548056602478,0.2600722908973694,0.0018011764623224735,0.48589563369750977,0.26025116443634033,-0.0024923786986619234,0.5723767280578613,0.28921011090278625,-0.006298698950558901,0.4714829623699188,0.2868736982345581,-0.004640080966055393,0.5418140888214111,0.35658562183380127,0.004080606158822775,0.5015881061553955,0.3556954562664032,-0.004152311477810144,0.6383668184280396,0.5579817295074463,-0.012069346383213997,0.39223089814186096,0.5612818002700806,0.012103131972253323,0.7168350219726562,0.8964619636535645,-0.2629847526550293,0.33151501417160034,0.9169221520423889,0.07884714752435684,0.6256833672523499,0.5502299666404724,-0.4280959367752075,0.30919724702835083,1.1707220077514648,-0.0466681532561779,0.6151407957077026,0.4499386250972748,0.0011569212656468153,0.28820672631263733,1.2663764953613281,-0.0022183528635650873,0.6039891839027405,0.4251035451889038,0.004914958495646715,0.30632585287094116,1.274943470954895,0.00011134212400065735,0.5968982577323914,0.47306686639785767,-0.0013999949442222714,0.32294929027557373,1.2485849857330322,-0.004761312156915665,0.586101233959198,1.1315884590148926,0.05239047110080719,0.4199456572532654,1.1261487007141113,0.07638098299503326
667.3333333333334,,,,,,,,,,,,,,,,,,,,,,,,,,,,,,,,,,,,,,,,,,,,,,,,,,,,,,,,,,,,,,,,,,,,,,,,,,,,,,,,,,,,,,,,,,,,,,,,,,,,,,,,,,,,,,,,,,,,,,,,,,,,,,,0.5208268165588379,0.30131667852401733,-0.0014992591459304094,0.5370218753814697,0.2607065439224243,-0.001637171721085906,0.5477188229560852,0.2612444758415222,0.00802250113338232,0.5583373308181763,0.2618703544139862,-0.00022039379109628499,0.5063814520835876,0.2596563398838043,0.004651773255318403,0.49542200565338135,0.25969070196151733,0.0018292730674147606,0.4846663475036621,0.2598467767238617,-0.002492186613380909,0.5725980401039124,0.28786370158195496,-0.006302414927631617,0.47043171525001526,0.2854743003845215,-0.004629118833690882,0.5408851504325867,0.35702815651893616,0.004008432850241661,0.5002298355102539,0.3559635579586029,-0.004138687159866095,0.6391947269439697,0.5558875203132629,-0.008222986944019794,0.391197144985199,0.5610060691833496,0.008240809664130211,0.7184598445892334,0.9008640050888062,-0.20305991172790527,0.3313254714012146,0.9197491407394409,0.08509838581085205,0.6178143620491028,0.5647191405296326,-0.4260241389274597,0.30903080105781555,1.1767531633377075,-0.03476007282733917,0.604548454284668,0.47812703251838684,0.0011460658861324191,0.2863873541355133,1.2680160999298096,-0.0022373979445546865,0.5941188335418701,0.44454798102378845,0.004860533867031336,0.3028737008571625,1.278457760810852,0.0001238224358530715,0.5882001519203186,0.4908003807067871,-0.0013692663051187992,0.32033422589302063,1.253615379333496,-0.0047684782184660435,0.5864827632904053,1.129508137702942,0.07630053162574768,0.4202617108821869,1.1262389421463013,0.09207280725240707
709.0333333333334,0.6068501472473145,0.6229106783866882,-1.4962512068450451e-05,0.6063666939735413,0.5937073826789856,0.03499045968055725,0.6057991981506348,0.5678701996803284,0.05438917875289917,0.603941023349762,0.5487334132194519,0.06667089462280273,0.602519154548645,0.5353236794471741,0.07880980521440506,0.6064742803573608,0.533033549785614,0.05148369446396828,0.6040935516357422,0.5005242824554443,0.06573246419429779,0.6026115417480469,0.4760565757751465,0.07276760041713715,0.6022233366966248,0.4569464325904846,0.07457325607538223,0.605704665184021,0.5266871452331543,0.03486906737089157,0.6025375127792358,0.4838213324546814,0.04491126909852028,0.6008135080337524,0.4553603529930115,0.04725046455860138,0.5989049673080444,0.43280622363090515,0.04834705963730812,0.604717493057251,0.5240155458450317,0.01932082325220108,0.602491557598114,0.4831150472164154,0.026520976796746254,0.60020512342453,0.4567735493183136,0.030183330178260803,0.5974782109260559,0.4346963167190552,0.032464392483234406,0.6031894683837891,0.5249691009521484,0.006136748008430004,0.6020137071609497,0.4922363758087158,0.008592162281274796,0.6006635427474976,0.4717468321323395,0.009784919209778309,0.5984469652175903,0.4539233446121216,0.011218284256756306,,,,,,,,,,,,,,,,,,,,,,,,,,,,,,,,,,,,,,,,,,,,,,,,,,,,,,,,,,,,,,,,0.5206841230392456,0.30268052220344543,-0.0014923660783097148,0.5367704033851624,0.2610822021961212,-0.001594887813553214,0.5474943518638611,0.2616788148880005,0.007935108616948128,0.5581433176994324,0.2623210847377777,-0.00015620973135810345,0.5062098503112793,0.2596762478351593,0.004622511100023985,0.4952601492404938,0.25979310274124146,0.0018391140038147569,0.4845086634159088,0.2600595951080322,-0.0024822531268000603,0.57228684425354,0.2876225709915161,-0.0062813954427838326,0.46993017196655273,0.28557926416397095,-0.004620749969035387,0.5405713319778442,0.35757482051849365,0.003969748970121145,0.5001242160797119,0.3572441041469574,-0.004128383472561836,0.6405568718910217,0.5524346232414246,-0.0076409294269979,0.3911093771457672,0.5619175434112549,0.007721764966845512,0.7184855341911316,0.9251659512519836,-0.0800350233912468,0.3325985372066498,0.923180341720581,0.11357560753822327,0.6327100396156311,0.694841206073761,-0.41162025928497314,0.30860525369644165,1.1760613918304443,-0.01842779852449894,0.6171046495437622,0.6381155252456665,0.0010776647832244635,0.28456443548202515,1.2624261379241943,-0.002287802053615451,0.610069990158081,0.5816091299057007,0.0048380461521446705,0.2982316017150879,1.2734922170639038,0.00011492957855807617,0.6051081418991089,0.6158445477485657,-0.0013748856727033854,0.31719350814819336,1.2503126859664917,-0.004739139229059219,0.5920884013175964,1.129318356513977,0.10625973343849182,0.4226173162460327,1.1266505718231201,0.1372520923614502
750.7444444444444,0.6129432916641235,0.6285945773124695,-2.7439926270744763e-05,0.6049271821975708,0.5956951379776001,0.02125176042318344,0.6037834882736206,0.5657937526702881,0.031018363311886787,0.6041907668113708,0.5458922386169434,0.035824429243803024,0.6043564081192017,0.5346245169639587,0.040362659841775894,0.6083236336708069,0.5354374051094055,0.02359587699174881,0.6114360690116882,0.5003975629806519,0.028141342103481293,0.6125624179840088,0.4774421155452728,0.030201317742466927,0.6136991381645203,0.45784178376197815,0.029606571421027184,0.6109205484390259,0.536956787109375,0.01082482561469078,0.6152570843696594,0.4953969120979309,0.010308356955647469,0.6163653135299683,0.46882084012031555,0.008254218846559525,0.6174759864807129,0.44545742869377136,0.006565157789736986,0.613715410232544,0.5426868796348572,-0.0009181143832392991,0.6193744540214539,0.5034796595573425,-0.0015321685932576656,0.62138432264328,0.47808417677879333,-0.0027536670677363873,0.6221486330032349,0.45526963472366333,-0.0037825549952685833,0.6166933178901672,0.5535242557525635,-0.010916350409388542,0.6210740804672241,0.5248576402664185,-0.01160429511219263,0.6227823495864868,0.5056123733520508,-0.013815633952617645,0.6230708956718445,0.48785150051116943,-0.015502369031310081,,,,,,,,,,,,,,,,,,,,,,,,,,,,,,,,,,,,,,,,,,,,,,,,,,,,,,,,,,,,,,,,0.5184327960014343,0.30428606271743774,-0.0014646569034084678,0.5351078510284424,0.26123058795928955,-0.0015571453841403127,0.5459028482437134,0.26173192262649536,0.007816138677299023,0.5566286444664001,0.2623404562473297,-1.343160056421766e-05,0.5047578811645508,0.26021093130111694,0.004606242291629314,0.4939420819282532,0.26040151715278625,0.0018518404103815556,0.48331212997436523,0.2607225775718689,-0.0024525397457182407,0.5716924667358398,0.28769347071647644,-0.00624608201906085,0.4696563482284546,0.28573524951934814,-0.0046065011993050575,0.5387871861457825,0.3586997091770172,0.003953753970563412,0.49875953793525696,0.35864195227622986,-0.004125963896512985,0.6422463655471802,0.5492734313011169,-0.009524204768240452,0.39116737246513367,0.5610525608062744,0.009643440134823322,0.7215390801429749,0.9233973026275635,-0.07798270136117935,0.33264535665512085,0.9159488081932068,0.12743990123271942,0.6436063647270203,0.6982811093330383,-0.42255789041519165,0.3038909137248993,1.158268690109253,-0.017047841101884842,0.6305679678916931,0.6388680338859558,0.0010020858608186245,0.27671322226524353,1.2370564937591553,-0.0023399414494633675,0.6216338276863098,0.5839753150939941,0.004806920886039734,0.2886640131473541,1.2496126890182495,0.00011875816562678665,0.6160196661949158,0.6193823218345642,-0.0013829943491145968,0.3087417185306549,1.2288990020751953,-0.004697354044765234,0.5943536758422852,1.1278529167175293,0.13501116633415222,0.42389604449272156,1.1258254051208496,0.16979984939098358
792.4555555555556,,,,,,,,,,,,,,,,,,,,,,,,,,,,,,,,,,,,,,,,,,,,,,,,,,,,,,,,,,,,,,,,,,,,,,,,,,,,,,,,,,,,,,,,,,,,,,,,,,,,,,,,,,,,,,,,,,,,,,,,,,,,,,,0.5184521675109863,0.3071267604827881,-0.0014390891883522272,0.534673273563385,0.26246050000190735,-0.0015648804837837815,0.5454643964767456,0.2626515030860901,0.007763558998703957,0.5561922788619995,0.26297807693481445,0.0001415025908499956,0.5042903423309326,0.2622179388999939,0.004608915187418461,0.49343663454055786,0.26256322860717773,0.0018938494613394141,0.48276686668395996,0.263027161359787,-0.002448391867801547,0.5712117552757263,0.28781449794769287,-0.006230424158275127,0.46901735663414,0.2866838574409485,-0.004602702800184488,0.5388389825820923,0.3606293499469757,0.003948162775486708,0.49876120686531067,0.3611823320388794,-0.004108594264835119,0.6419790387153625,0.5486677885055542,-0.009397847577929497,0.39116841554641724,0.5612127184867859,0.00946366973221302,0.7236040234565735,0.9174549579620361,-0.0922498106956482,0.33310970664024353,0.9159444570541382,0.11340674012899399,0.650631308555603,0.6604242324829102,-0.424651175737381,0.3013557493686676,1.1536577939987183,-0.0221602413803339,0.6325487494468689,0.590664803981781,0.0009759356616996229,0.27298474311828613,1.2307941913604736,-0.0023789640981703997,0.6234305500984192,0.5426403880119324,0.004801555536687374,0.2852424383163452,1.2410777807235718,0.00012450400390662253,0.6179105043411255,0.5811976790428162,-0.0013975909678265452,0.30503925681114197,1.2200020551681519,-0.004649462644010782,0.5945375561714172,1.1285545825958252,0.11724981665611267,0.4255642890930176,1.126000165939331,0.14167360961437225
834.1666666666667,,,,,,,,,,,,,,,,,,,,,,,,,,,,,,,,,,,,,,,,,,,,,,,,,,,,,,,,,,,,,,,,0.656063973903656,0.5618541836738586,4.863533831667155e-06,0.6444753408432007,0.542009174823761,0.01397935301065445,0.6428292989730835,0.5153437852859497,0.016869887709617615,0.6429621577262878,0.4964885711669922,0.017230907455086708,0.6418960094451904,0.47935396432876587,0.016132058575749397,0.6614455580711365,0.4669438600540161,0.012376738712191582,0.6630112528800964,0.42637282609939575,0.014973731711506844,0.6636924743652344,0.39791741967201233,0.014083437621593475,0.6657836437225342,0.3744394779205322,0.012673269025981426,0.6653311848640442,0.4577682614326477,0.00022880412871018052,0.669700562953949,0.407367467880249,-0.00031165231484919786,0.6705905199050903,0.37807172536849976,-0.004719509277492762,0.6721937656402588,0.3542555272579193,-0.008013607934117317,0.6663203835487366,0.45463496446609497,-0.010267823003232479,0.672254741191864,0.4073761999607086,-0.01129547692835331,0.6729111671447754,0.37949609756469727,-0.015880150720477104,0.6741630434989929,0.3544104993343353,-0.02054109238088131,0.6656314730644226,0.45686301589012146,-0.01981063187122345,0.6697883009910583,0.4192047417163849,-0.023608986288309097,0.670472264289856,0.3955008089542389,-0.028679966926574707,0.6719398498535156,0.3741759955883026,-0.03302641957998276,0.5172621011734009,0.3069435954093933,-0.0014502261765301228,0.5341348052024841,0.26321110129356384,-0.0015914426185190678,0.5450372099876404,0.26357313990592957,0.007756895385682583,0.5558626055717468,0.2640725076198578,0.0002727997489273548,0.5033307671546936,0.26268404722213745,0.004615957848727703,0.492371529340744,0.2629546523094177,0.0019233543425798416,0.4815945625305176,0.2633379101753235,-0.002448969753459096,0.5710776448249817,0.29021623730659485,-0.006229754537343979,0.46826791763305664,0.2880045771598816,-0.004597469232976437,0.5380741953849792,0.3618200719356537,0.003944002091884613,0.4972500205039978,0.3616585433483124,-0.004103808663785458,0.6415558457374573,0.5500255823135376,-0.008645715191960335,0.390688419342041,0.5657873749732971,0.008717588149011135,0.7312449812889099,0.915617823600769,-0.1367110311985016,0.3336819112300873,0.9160197377204895,0.10299112647771835,0.6688752770423889,0.6196550726890564,-0.431336373090744,0.30074822902679443,1.1438316106796265,-0.0490555576980114,0.6632021069526672,0.5360172390937805,0.0009438431588932872,0.2728959619998932,1.2220548391342163,-0.002397190546616912,0.6453146934509277,0.49677160382270813,0.0047981045208871365,0.28745368123054504,1.2240912914276123,0.00012471973604988307,0.6368163228034973,0.540679395198822,-0.0013946288963779807,0.3059993386268616,1.2027488946914673,-0.004641708917915821,0.5935991406440735,1.135149359703064,0.1033545583486557,0.42541074752807617,1.1329751014709473,0.12277177721261978
875.8666666666667,,,,,,,,,,,,,,,,,,,,,,,,,,,,,,,,,,,,,,,,,,,,,,,,,,,,,,,,,,,,,,,,0.6638453006744385,0.5515828728675842,-3.245841071475297e-05,0.6441460251808167,0.5152847766876221,0.01852988265454769,0.6432446837425232,0.4761926233768463,0.02339262329041958,0.6430999636650085,0.4495375156402588,0.024017978459596634,0.64266437292099,0.4302173852920532,0.022153055295348167,0.6599095463752747,0.43635866045951843,0.008039806969463825,0.6676948666572571,0.39521533250808716,0.0054513863287866116,0.6714415550231934,0.3606470227241516,0.0005364750395528972,0.6740628480911255,0.32917213439941406,-0.004655111115425825,0.6649038791656494,0.44028744101524353,-0.007107838988304138,0.6723921895027161,0.39464884996414185,-0.014401367865502834,0.6780199408531189,0.3548845648765564,-0.020015599206089973,0.6834015846252441,0.31775349378585815,-0.024012355133891106,0.6693335175514221,0.44794151186943054,-0.021800288930535316,0.6759343147277832,0.40225499868392944,-0.024219248443841934,0.68096923828125,0.36601829528808594,-0.02461378462612629,0.6856269836425781,0.3341728150844574,-0.025215450674295425,0.6732028722763062,0.4611717760562897,-0.034948669373989105,0.678647518157959,0.4237767457962036,-0.03701784089207649,0.6817622780799866,0.39750581979751587,-0.03666727617383003,0.6848259568214417,0.37274765968322754,-0.035755373537540436,0.5181549787521362,0.3064388334751129,-0.0014684447087347507,0.5348800420761108,0.2632131576538086,-0.001604521181434393,0.5457065105438232,0.263568639755249,0.007759326137602329,0.5564543604850769,0.2640630304813385,0.00025140136131085455,0.504140317440033,0.26273423433303833,0.004671735223382711,0.49319127202033997,0.26304569840431213,0.001946876524016261,0.48243024945259094,0.2634828984737396,-0.0024495762772858143,0.5714586973190308,0.29038330912590027,-0.006236880086362362,0.4689062237739563,0.2894606590270996,-0.004579070955514908,0.5387973785400391,0.361359179019928,0.003937111236155033,0.4980947971343994,0.36140012741088867,-0.004095693118870258,0.6414191722869873,0.550973653793335,-0.008158830925822258,0.3915318250656128,0.5660379528999329,0.008124538697302341,0.7336915135383606,0.8811084628105164,-0.17695719003677368,0.33868610858917236,0.9116753935813904,0.09603803604841232,0.6783837080001831,0.6063259243965149,-0.4147196114063263,0.3004162609577179,1.1480039358139038,-0.056710731238126755,0.6782316565513611,0.5171149373054504,0.0009369981125928462,0.2734329402446747,1.2286430597305298,-0.002399599179625511,0.6603364944458008,0.4836985468864441,0.004786694422364235,0.288500040769577,1.2351431846618652,0.00013494488666765392,0.6506562829017639,0.536772608757019,-0.0013955687172710896,0.3068285882472992,1.2126511335372925,-0.004659638740122318,0.5935496687889099,1.135805368423462,0.08185284584760666,0.42611604928970337,1.1330350637435913,0.10414445400238037
917.5777777777778,,,,,,,,,,,,,,,,,,,,,,,,,,,,,,,,,,,,,,,,,,,,,,,,,,,,,,,,,,,,,,,,0.6750779151916504,0.5355434417724609,-3.178966653649695e-05,0.6537586450576782,0.49006950855255127,0.010397878475487232,0.6494051814079285,0.45111513137817383,0.009384836070239544,0.6475040316581726,0.42550021409988403,0.006325965281575918,0.6476811170578003,0.40259259939193726,0.001925680786371231,0.6624564528465271,0.4185510277748108,-0.016484348103404045,0.6668717861175537,0.3770735263824463,-0.02889561839401722,0.6710588335990906,0.34412217140197754,-0.03594750165939331,0.6752874851226807,0.3130374550819397,-0.043536268174648285,0.6692086458206177,0.42455077171325684,-0.03082394227385521,0.6738525629043579,0.3803868591785431,-0.04885074123740196,0.6783737540245056,0.34269723296165466,-0.05834515765309334,0.6831600666046143,0.30709898471832275,-0.06547558307647705,0.674515426158905,0.4353102147579193,-0.04489363729953766,0.6793362498283386,0.3923604190349579,-0.057868894189596176,0.6835010051727295,0.3564572334289551,-0.06407065689563751,0.6873825192451477,0.32456550002098083,-0.06847792863845825,0.6793277263641357,0.4525846242904663,-0.05712445452809334,0.6811929941177368,0.41886594891548157,-0.06780053675174713,0.6824420094490051,0.3938142657279968,-0.0717393159866333,0.6842603087425232,0.3700035512447357,-0.07504737377166748,0.5196951031684875,0.30626270174980164,-0.0014750128611922264,0.5355473756790161,0.2631588876247406,-0.0016221993137151003,0.546296238899231,0.26344549655914307,0.007756678853183985,0.5569658279418945,0.2638876140117645,0.00020904190023429692,0.5052010416984558,0.26282376050949097,0.004711426328867674,0.4943384826183319,0.26314789056777954,0.0019496919121593237,0.4836663007736206,0.26359373331069946,-0.0024586741346865892,0.5721714496612549,0.2900848686695099,-0.00623954925686121,0.4702729880809784,0.2900064289569855,-0.004508456215262413,0.5407359600067139,0.3608696460723877,0.003930394537746906,0.500270426273346,0.3613564670085907,-0.004086558241397142,0.6412977576255798,0.5494152307510376,-0.008034893311560154,0.39779216051101685,0.5632898807525635,0.007987181656062603,0.734919548034668,0.8361822962760925,-0.21451455354690552,0.3439679741859436,0.9028148055076599,0.07779135555028915,0.6775146126747131,0.5195677876472473,-0.40301430225372314,0.3010268211364746,1.1474510431289673,-0.0659719854593277,0.6790555715560913,0.4238607585430145,0.0009394240914843976,0.27469611167907715,1.230158805847168,-0.0023915721103549004,0.6611567735671997,0.407715380191803,0.004771080799400806,0.28994429111480713,1.2389142513275146,0.00015148628153838217,0.6512112021446228,0.4549444615840912,-0.0013914821902289987,0.3082174062728882,1.215924859046936,-0.004659860394895077,0.5913698673248291,1.1353925466537476,0.06261086463928223,0.4279407858848572,1.1299622058868408,0.07340579479932785
959.288888888889,,,,,,,,,,,,,,,,,,,,,,,,,,,,,,,,,,,,,,,,,,,,,,,,,,,,,,,,,,,,,,,,0.6751240491867065,0.5240775942802429,-3.499474405543879e-05,0.6566573977470398,0.4813752770423889,0.019101226702332497,0.652554452419281,0.4426997900009155,0.018298497423529625,0.6518855690956116,0.41676995158195496,0.012862863950431347,0.6545669436454773,0.3934538960456848,0.005043017212301493,0.6594486832618713,0.416364848613739,-0.005616444628685713,0.6676474809646606,0.3649612367153168,-0.01424860954284668,0.6730175614356995,0.3274680972099304,-0.02014930173754692,0.6781129240989685,0.2961055040359497,-0.02443714253604412,0.6642681956291199,0.42256319522857666,-0.023862095549702644,0.6730761528015137,0.3666159212589264,-0.0375378243625164,0.6781505942344666,0.3206457793712616,-0.04223917797207832,0.6835121512413025,0.2811695337295532,-0.044724564999341965,0.668999433517456,0.4317796528339386,-0.04055311903357506,0.6768269538879395,0.37623172998428345,-0.04946484789252281,0.6808664202690125,0.33315420150756836,-0.050897762179374695,0.6847109794616699,0.2990065813064575,-0.051025066524744034,0.6737473607063293,0.4433320164680481,-0.05444449931383133,0.6759011149406433,0.3977184593677521,-0.06252048164606094,0.6775829195976257,0.36639559268951416,-0.06289233267307281,0.6792882084846497,0.3397669196128845,-0.062341928482055664,0.5194953083992004,0.30556631088256836,-0.0014926391886547208,0.5356471538543701,0.2630397379398346,-0.0017109824111685157,0.5464403033256531,0.2633898854255676,0.0077485754154622555,0.5571439862251282,0.26387345790863037,9.111590770771727e-05,0.5051829814910889,0.2622648775577545,0.004708398599177599,0.4942739009857178,0.2623084783554077,0.0019516239408403635,0.4835560619831085,0.2624313235282898,-0.0024731133598834276,0.572299063205719,0.29004329442977905,-0.006249291356652975,0.470244437456131,0.2890589237213135,-0.004446342121809721,0.5406319499015808,0.36040300130844116,0.003923812881112099,0.4998866617679596,0.3599778115749359,-0.004079736769199371,0.6399847865104675,0.5457114577293396,-0.008682872168719769,0.39731258153915405,0.5527353286743164,0.008563331328332424,0.7362714409828186,0.82112717628479,-0.2385750263929367,0.34330132603645325,0.8901448845863342,0.07712740451097488,0.6749510169029236,0.48613253235816956,-0.4041590690612793,0.3015058934688568,1.134069561958313,-0.06767634302377701,0.6779661774635315,0.3852975070476532,0.0009470334043726325,0.27543768286705017,1.216684341430664,-0.0023648387286812067,0.6603105664253235,0.3719409704208374,0.004753962624818087,0.2903831899166107,1.2263606786727905,0.0001768759248079732,0.649910569190979,0.41884204745292664,-0.0013869146350771189,0.3087299168109894,1.2041444778442383,-0.004658727906644344,0.5904546976089478,1.1254756450653076,0.06601967662572861,0.42748507857322693,1.1178070306777954,0.07799883186817169
1001.0000000000001,,,,,,,,,,,,,,,,,,,,,,,,,,,,,,,,,,,,,,,,,,,,,,,,,,,,,,,,,,,,,,,,,,,,,,,,,,,,,,,,,,,,,,,,,,,,,,,,,,,,,,,,,,,,,,,,,,,,,,,,,,,,,,,0.5189587473869324,0.3024997115135193,-0.0014982384163886309,0.5355923771858215,0.2626475691795349,-0.0018777850782498717,0.5464094877243042,0.2632976770401001,0.007754143327474594,0.5571298599243164,0.2639210820198059,6.413126538973302e-05,0.5050025582313538,0.26077696681022644,0.004707837477326393,0.4940674901008606,0.2604144215583801,0.0019594153854995966,0.48332372307777405,0.2601076364517212,-0.0024855639785528183,0.5723220109939575,0.2914576828479767,-0.006275986786931753,0.4701140820980072,0.2883468270301819,-0.004442839417606592,0.5400972366333008,0.3596292734146118,0.003922394942492247,0.4987468123435974,0.3573571741580963,-0.004076559562236071,0.638615608215332,0.5470849275588989,-0.009220901876688004,0.39653801918029785,0.5531266927719116,0.009031325578689575,0.735310971736908,0.8377082347869873,-0.22267653048038483,0.34244346618652344,0.8927255272865295,0.0821576789021492,0.6734045743942261,0.5071060657501221,-0.4057198166847229,0.30174723267555237,1.1373008489608765,-0.06882930546998978,0.6754037141799927,0.41309934854507446,0.0009594140574336052,0.27594342827796936,1.2189286947250366,-0.0023690066300332546,0.6583130359649658,0.39365461468696594,0.004750772379338741,0.29064828157424927,1.2292875051498413,0.00020070034952368587,0.6484435200691223,0.4386950433254242,-0.0013795121340081096,0.3088500201702118,1.207198143005371,-0.004656550008803606,0.5909075140953064,1.1257011890411377,0.08246934413909912,0.42652812600135803,1.1189976930618286,0.10141592472791672
1042.7,0.6454959511756897,0.4602581262588501,-2.149611282220576e-05,0.6480639576911926,0.41913536190986633,0.01759468950331211,0.6504940986633301,0.38709715008735657,0.027894863858819008,0.6516619324684143,0.3643918037414551,0.033149901777505875,0.6527665853500366,0.343458890914917,0.038810983300209045,0.6492940187454224,0.3675502836704254,0.0312919057905674,0.6522039771080017,0.3325784206390381,0.03691142424941063,0.6560051441192627,0.31379836797714233,0.039394669234752655,0.6596767902374268,0.2977447509765625,0.04066277667880058,0.6484205722808838,0.3704250454902649,0.021339796483516693,0.6516755819320679,0.33034902811050415,0.027546515688300133,0.6551889181137085,0.30926433205604553,0.028947588056325912,0.6583610773086548,0.29129427671432495,0.030197519809007645,0.6476520895957947,0.3732682764530182,0.010815454646945,0.6512297987937927,0.33784645795822144,0.014802491292357445,0.6536567807197571,0.31509682536125183,0.014875013381242752,0.6558195948600769,0.2948559522628784,0.014260907657444477,0.647646427154541,0.37825044989585876,0.0016500984784215689,0.6506317853927612,0.3513057827949524,0.0032894350588321686,0.652285099029541,0.3332093060016632,0.0034903313498944044,0.6535681486129761,0.31627798080444336,0.003455796977505088,,,,,,,,,,,,,,,,,,,,,,,,,,,,,,,,,,,,,,,,,,,,,,,,,,,,,,,,,,,,,,,,0.5170735120773315,0.30191847681999207,-0.0015286190900951624,0.5343208312988281,0.2625144124031067,-0.0019434525165706873,0.5451177954673767,0.2632012665271759,0.007747416850179434,0.5558179616928101,0.2638810873031616,2.8738175387843512e-05,0.5037274956703186,0.2608131468296051,0.004692559130489826,0.49288293719291687,0.26057589054107666,0.0019693279173225164,0.4822240173816681,0.26040759682655334,-0.002493593841791153,0.5717454552650452,0.2914741635322571,-0.006288391072303057,0.46978944540023804,0.2882443964481354,-0.0044371443800628185,0.5383411049842834,0.35920628905296326,0.003918768838047981,0.4973229169845581,0.35721296072006226,-0.0040716612711548805,0.6387150287628174,0.5478289723396301,-0.015106843784451485,0.39611759781837463,0.5540306568145752,0.01499257143586874,0.7345629930496216,0.8547416925430298,-0.22886517643928528,0.34182465076446533,0.8981063365936279,0.08677492290735245,0.6686593294143677,0.532602846622467,-0.42071282863616943,0.3017675280570984,1.139747142791748,-0.06012861430644989,0.6723116636276245,0.4425201714038849,0.0009520499734207988,0.2767180800437927,1.219561219215393,-0.0023769063409417868,0.6533582210540771,0.41570398211479187,0.0047478871420025826,0.29086458683013916,1.2299883365631104,0.00020829419372603297,0.64394611120224,0.46080195903778076,-0.001368955010548234,0.30870479345321655,1.208319902420044,-0.004670034162700176,0.5903081893920898,1.1268012523651123,0.07557645440101624,0.42486321926116943,1.121585726737976,0.10242781043052673
1084.4111111111113,,,,,,,,,,,,,,,,,,,,,,,,,,,,,,,,,,,,,,,,,,,,,,,,,,,,,,,,,,,,,,,,,,,,,,,,,,,,,,,,,,,,,,,,,,,,,,,,,,,,,,,,,,,,,,,,,,,,,,,,,,,,,,,0.5164193511009216,0.30192264914512634,-0.0015596086159348488,0.5336602330207825,0.262652188539505,-0.0019592822063714266,0.544486403465271,0.26328805088996887,0.007738796062767506,0.5552254319190979,0.2639290392398834,-1.6631349353701808e-05,0.5030010342597961,0.2612350583076477,0.004652606789022684,0.49215173721313477,0.2611825168132782,0.0019737337715923786,0.4814988076686859,0.2612203359603882,-0.002498258836567402,0.5710394978523254,0.2914949059486389,-0.00630335696041584,0.4693203866481781,0.28900831937789917,-0.00442923279479146,0.5376378893852234,0.35925236344337463,0.003899451345205307,0.4967195391654968,0.35733363032341003,-0.004059305880218744,0.6385716795921326,0.5483279824256897,-0.017310863360762596,0.3951027989387512,0.5550813674926758,0.017246700823307037,0.7335577011108398,0.8715391159057617,-0.24989856779575348,0.3412524163722992,0.8984673023223877,0.0827367976307869,0.648892879486084,0.5371821522712708,-0.4310828447341919,0.3014291524887085,1.139078974723816,-0.06000984087586403,0.6455696821212769,0.4393317997455597,0.0009461307199671865,0.27654382586479187,1.2204524278640747,-0.002380424877628684,0.6287642121315002,0.4136556386947632,0.004729178734123707,0.2910255193710327,1.2271254062652588,0.00022183681721799076,0.6202425360679626,0.4614693820476532,-0.0013390553649514914,0.3084695041179657,1.2052372694015503,-0.004688622895628214,0.590157151222229,1.1274350881576538,0.06357137858867645,0.42442214488983154,1.1225700378417969,0.09297230839729309
1126.1222222222223,,,,,,,,,,,,,,,,,,,,,,,,,,,,,,,,,,,,,,,,,,,,,,,,,,,,,,,,,,,,,,,,0.6125284433364868,0.5567435026168823,-2.0891438907710835e-05,0.6141069531440735,0.5026801228523254,0.009205509908497334,0.6128144860267639,0.4641084671020508,0.011475411243736744,0.6116399168968201,0.43734070658683777,0.011195814236998558,0.6105470657348633,0.4150964021682739,0.011192508041858673,0.6137155294418335,0.4539944529533386,0.005139815621078014,0.6118549108505249,0.4167335033416748,0.0027761501260101795,0.6136028170585632,0.3932588994503021,0.0009860657155513763,0.6164599657058716,0.37204211950302124,-0.0018364652059972286,0.6132566332817078,0.46325773000717163,-0.0035677682608366013,0.611924409866333,0.42431285977363586,-0.008572843857109547,0.6147465109825134,0.39959415793418884,-0.013295511715114117,0.6175962686538696,0.37835893034935,-0.01754605956375599,0.6121256947517395,0.4756917357444763,-0.011995009146630764,0.6103930473327637,0.44158080220222473,-0.01563883014023304,0.6124542355537415,0.41689813137054443,-0.01986127905547619,0.6146260499954224,0.3966338336467743,-0.02410079352557659,0.6108934283256531,0.4927371144294739,-0.01946304924786091,0.60805743932724,0.4702330529689789,-0.022676024585962296,0.6081917881965637,0.4517362415790558,-0.025326941162347794,0.6083868145942688,0.4363407790660858,-0.028836078941822052,0.5153263211250305,0.30388545989990234,-0.0015824981965124607,0.5329791903495789,0.2628583610057831,-0.0019640284590423107,0.5438819527626038,0.2635194659233093,0.007664498873054981,0.5546987056732178,0.26418694853782654,-1.717009217827581e-05,0.5021817088127136,0.26125332713127136,0.004436673130840063,0.4912918508052826,0.26133212447166443,0.0019777442794293165,0.48060208559036255,0.26148727536201477,-0.0024989719968289137,0.5707172155380249,0.2915131449699402,-0.0063062384724617004,0.4685963988304138,0.2887563407421112,-0.004423295613378286,0.5364558100700378,0.36126992106437683,0.003876200644299388,0.4955746829509735,0.3590784966945648,-0.004028518218547106,0.638637125492096,0.5492227673530579,-0.01758403144776821,0.3920908570289612,0.5573598146438599,0.017590515315532684,0.7341216802597046,0.8922028541564941,-0.2372080236673355,0.33431461453437805,0.9029192328453064,0.08276332914829254,0.632174551486969,0.5558456182479858,-0.4327421486377716,0.3006925880908966,1.14275062084198,-0.04221971705555916,0.6218563914299011,0.45595669746398926,0.0008958647958934307,0.27608856558799744,1.2261459827423096,-0.0023810777347534895,0.6070656776428223,0.4281094968318939,0.004660309292376041,0.28931841254234314,1.2319023609161377,0.00022914005967322737,0.6003100872039795,0.47723689675331116,-0.00125551235396415,0.3066464066505432,1.2119559049606323,-0.0047051613219082355,0.5893256068229675,1.1283742189407349,0.06220752373337746,0.4207150936126709,1.1233816146850586,0.09267980605363846
1167.8333333333333,,,,,,,,,,,,,,,,,,,,,,,,,,,,,,,,,,,,,,,,,,,,,,,,,,,,,,,,,,,,,,,,,,,,,,,,,,,,,,,,,,,,,,,,,,,,,,,,,,,,,,,,,,,,,,,,,,,,,,,,,,,,,,,0.5153278708457947,0.30804532766342163,-0.0014903692062944174,0.5322949290275574,0.26408064365386963,-0.0019365998450666666,0.5431220531463623,0.26447877287864685,0.0076266867108643055,0.5538780093193054,0.2649100124835968,9.88674582913518e-05,0.5019220113754272,0.263075590133667,0.0044255037792027,0.4911126494407654,0.2631562650203705,0.0020051496103405952,0.48049065470695496,0.26331523060798645,-0.002463497454300523,0.5696154236793518,0.29055628180503845,-0.006293906830251217,0.46810150146484375,0.2886020541191101,-0.004400784615427256,0.5362645387649536,0.36323249340057373,0.003849924076348543,0.4958121180534363,0.36215662956237793,-0.004021019674837589,0.6407595872879028,0.5482312440872192,-0.01593673601746559,0.3920136094093323,0.5552281141281128,0.015871558338403702,0.7310639023780823,0.9213763475418091,-0.08909624814987183,0.334337055683136,0.9027532339096069,0.12577512860298157,0.6369100213050842,0.6834071278572083,-0.4201500117778778,0.3005289137363434,1.1406904458999634,-0.014123799279332161,0.624832272529602,0.6204016804695129,0.0008644166518934071,0.27513203024864197,1.2198498249053955,-0.0024110102094709873,0.6157259941101074,0.5673139691352844,0.0046585798263549805,0.2890216112136841,1.2294058799743652,0.00022299785632640123,0.6091128587722778,0.6029362082481384,-0.0012555690482258797,0.30617451667785645,1.20943021774292,-0.004686523694545031,0.5911679863929749,1.123658537864685,0.15853269398212433,0.42256295680999756,1.1177853345870972,0.194248229265213
1209.5333333333333,,,,,,,,,,,,,,,,,,,,,,,,,,,,,,,,,,,,,,,,,,,,,,,,,,,,,,,,,,,,,,,,0.6252545118331909,0.7404354214668274,-3.250867666793056e-05,0.6193176507949829,0.6967027187347412,0.015021716244518757,0.6206921935081482,0.653992235660553,0.017624665051698685,0.6202309727668762,0.622180163860321,0.01859939470887184,0.6185778975486755,0.5961549282073975,0.016251923516392708,0.6365362405776978,0.6223987936973572,-0.01248668972402811,0.639454185962677,0.5702388882637024,-0.018152879551053047,0.6410039663314819,0.5363943576812744,-0.02241179160773754,0.6412410736083984,0.5089949369430542,-0.024504531174898148,0.6354552507400513,0.627364993095398,-0.023711275309324265,0.6396251320838928,0.5700147151947021,-0.03330497816205025,0.6404503583908081,0.5327513217926025,-0.03574083000421524,0.6404346823692322,0.5015945434570312,-0.036675143986940384,0.6310999989509583,0.6399918794631958,-0.032123200595378876,0.6339465379714966,0.5910279154777527,-0.03979213163256645,0.6346081495285034,0.5606046915054321,-0.03748578205704689,0.6349315643310547,0.5380188822746277,-0.03427889570593834,0.6250246167182922,0.6580408215522766,-0.0386858806014061,0.6275157928466797,0.6269782781600952,-0.05001891404390335,0.6277710199356079,0.6029757857322693,-0.05438164621591568,0.6275420784950256,0.5838004946708679,-0.05576561391353607,0.5155746936798096,0.3087991178035736,-0.0013040046906098723,0.5316980481147766,0.2642299234867096,-0.001858057570643723,0.5423969626426697,0.26433759927749634,0.007611386012285948,0.5530312061309814,0.26453709602355957,0.00037004187470301986,0.5017412900924683,0.2642214894294739,0.0044254823587834835,0.4911375343799591,0.26461535692214966,0.002055396093055606,0.48071256279945374,0.2651083171367645,-0.0023526670411229134,0.5688003897666931,0.2895015776157379,-0.006292551755905151,0.4685455858707428,0.2896159291267395,-0.004394082818180323,0.5367155075073242,0.36285853385925293,0.0038430294953286648,0.4968999922275543,0.3630984425544739,-0.004020537715405226,0.6449885368347168,0.5541328191757202,-0.014825457707047462,0.39278194308280945,0.5587168335914612,0.014991234987974167,0.7210726141929626,0.9412865042686462,-0.03921787440776825,0.3365411162376404,0.9089793562889099,0.13094714283943176,0.6403279304504395,0.7317445278167725,-0.43671390414237976,0.3028286397457123,1.1401830911636353,-0.022380031645298004,0.631410539150238,0.6766671538352966,0.0008375316392630339,0.2762947082519531,1.2145406007766724,-0.002450121333822608,0.6222429275512695,0.6187272071838379,0.004648800473660231,0.2880709767341614,1.225179672241211,0.00017968051542993635,0.6130643486976624,0.648351788520813,-0.001254878705367446,0.3058907687664032,1.2052059173583984,-0.004676418844610453,0.5937438011169434,1.1303147077560425,0.18930433690547943,0.4246177673339844,1.120230793952942,0.22457434237003326
1251.2444444444445,,,,,,,,,,,,,,,,,,,,,,,,,,,,,,,,,,,,,,,,,,,,,,,,,,,,,,,,,,,,,,,,,,,,,,,,,,,,,,,,,,,,,,,,,,,,,,,,,,,,,,,,,,,,,,,,,,,,,,,,,,,,,,,0.5137941837310791,0.3108173906803131,-0.000960158125963062,0.5301268696784973,0.2657514214515686,-0.0013508129632100463,0.5407243371009827,0.2659545838832855,0.007552274968475103,0.5512575507164001,0.26623427867889404,0.0005026473663747311,0.5003712773323059,0.2652307152748108,0.004519971553236246,0.49001073837280273,0.265339195728302,0.002050180919468403,0.47981056571006775,0.26551735401153564,-0.0021940034348517656,0.5668113231658936,0.2903473377227783,-0.006294097751379013,0.4672544598579407,0.28928518295288086,-0.004466189071536064,0.5340372920036316,0.3649592995643616,0.0038936675991863012,0.49487170577049255,0.36442187428474426,-0.0040681869722902775,0.646604597568512,0.558556318283081,-0.012440813705325127,0.39036452770233154,0.5610155463218689,0.012710968032479286,0.7192453742027283,0.9266165494918823,0.11405078321695328,0.33875030279159546,0.9133557081222534,0.13836269080638885,0.6607533097267151,0.8312126994132996,-0.18076807260513306,0.3058704435825348,1.140826940536499,-0.019997047260403633,0.6333123445510864,0.823221743106842,0.0008386585977859795,0.2811305820941925,1.214034914970398,-0.0025704887229949236,0.6424076557159424,0.7487045526504517,0.004570410121232271,0.2884005010128021,1.2244824171066284,0.00014369061682373285,0.6398860812187195,0.7598646879196167,-0.0012617423199117184,0.30791810154914856,1.201212763786316,-0.004674296826124191,0.5967709422111511,1.1344459056854248,0.28475335240364075,0.4245136082172394,1.1249868869781494,0.30281591415405273
1292.9555555555557,,,,,,,,,,,,,,,,,,,,,,,,,,,,,,,,,,,,,,,,,,,,,,,,,,,,,,,,,,,,,,,,0.6703246831893921,0.9186972379684448,1.8123604604625143e-05,0.6908798813819885,0.9151875972747803,-0.037939444184303284,0.701703667640686,0.8983405232429504,-0.06373636424541473,0.7057840824127197,0.8846438527107239,-0.08108900487422943,0.708733856678009,0.8747168183326721,-0.09621968120336533,0.685448408126831,0.8444312214851379,-0.07169649004936218,0.6867610216140747,0.8065581321716309,-0.09597980231046677,0.6876737475395203,0.7861371040344238,-0.10857416689395905,0.6886870861053467,0.768775224685669,-0.11558731645345688,0.6708838939666748,0.8346635699272156,-0.06300757825374603,0.6713071465492249,0.782171368598938,-0.09231206774711609,0.6737476587295532,0.7472208738327026,-0.10654319822788239,0.6750038266181946,0.7181668281555176,-0.1180233284831047,0.6567040681838989,0.8316460251808167,-0.05562207102775574,0.6554059982299805,0.7789941430091858,-0.08135928958654404,0.6582348942756653,0.7406561374664307,-0.09475192427635193,0.6601837277412415,0.7074734568595886,-0.10581007599830627,0.6424742341041565,0.8353853821754456,-0.04985351115465164,0.6357329487800598,0.7919039130210876,-0.06917615234851837,0.632585346698761,0.7593637704849243,-0.08105947077274323,0.6303542256355286,0.7268350720405579,-0.09324027597904205,0.5146926641464233,0.3072950541973114,-0.0005904727149754763,0.5301685333251953,0.2643185555934906,-0.0010640582768246531,0.5409456491470337,0.26506146788597107,0.007492263801395893,0.551657497882843,0.2660175859928131,0.0009560782928019762,0.49965599179267883,0.2632113993167877,0.00451663276180625,0.4888964891433716,0.2632429897785187,0.0020980280824005604,0.4782889187335968,0.26336461305618286,-0.002149438252672553,0.5663111805915833,0.2882733643054962,-0.006291689816862345,0.4647417366504669,0.28759193420410156,-0.004534445703029633,0.5355649590492249,0.36154904961586,0.003977156709879637,0.49485182762145996,0.3614403307437897,-0.004074081312865019,0.6463266611099243,0.5637049674987793,-0.006988671608269215,0.38789984583854675,0.560940146446228,0.007202540058642626,0.7179330587387085,0.9376410245895386,0.07280576229095459,0.33857589960098267,0.9157293438911438,0.12084060907363892,0.6769976019859314,0.8925176858901978,-0.3102155923843384,0.3049405515193939,1.1413968801498413,-0.058844681829214096,0.665205180644989,0.8926247954368591,0.0008372630691155791,0.2796970009803772,1.211834192276001,-0.002547716721892357,0.6708418726921082,0.8223079442977905,0.004570032469928265,0.2872348725795746,1.219774603843689,-0.0002601525920908898,0.6642740964889526,0.8278176188468933,-0.0012613135622814298,0.30576661229133606,1.1957709789276123,-0.0046605393290519714,0.5891685485839844,1.1386958360671997,0.2678799331188202,0.4202499985694885,1.1249109506607056,0.29309508204460144
1334.6666666666667,,,,,,,,,,,,,,,,,,,,,,,,,,,,,,,,,,,,,,,,,,,,,,,,,,,,,,,,,,,,,,,,,,,,,,,,,,,,,,,,,,,,,,,,,,,,,,,,,,,,,,,,,,,,,,,,,,,,,,,,,,,,,,,0.5147101283073425,0.30694180727005005,-0.0003994150320068002,0.5301761031150818,0.26221445202827454,-0.0007698594708926976,0.5409488677978516,0.2627565860748291,0.007499173749238253,0.551656186580658,0.26347464323043823,0.0009804416913539171,0.49965909123420715,0.26128897070884705,0.004540527239441872,0.48889467120170593,0.2612724006175995,0.0020467552822083235,0.4782796800136566,0.2613541781902313,-0.0021060791332274675,0.566025972366333,0.28625956177711487,-0.006294206716120243,0.4644569158554077,0.28546980023384094,-0.004720617085695267,0.5355643630027771,0.3608280122280121,0.004237917717546225,0.4948388636112213,0.3606104552745819,-0.00430167093873024,0.6467938423156738,0.5673403143882751,-0.006583212874829769,0.38683193922042847,0.5622315406799316,0.006735349074006081,0.7125539779663086,0.9216346740722656,0.14051896333694458,0.3382877707481384,0.9180912971496582,0.10482212156057358,0.6863817572593689,1.014967441558838,-0.08170223236083984,0.304421067237854,1.1497149467468262,-0.04062080755829811,0.6824129819869995,1.0630707740783691,0.0009459051652811468,0.27890992164611816,1.2159125804901123,-0.002421644516289234,0.6773232221603394,1.0121698379516602,0.004548771772533655,0.28620293736457825,1.2317066192626953,-0.00039032805943861604,0.6700729727745056,0.9985120892524719,-0.0013856184668838978,0.3056701123714447,1.2046680450439453,-0.0046067493967711926,0.5882577896118164,1.1419315338134766,0.2323477864265442,0.4194929897785187,1.1265671253204346,0.2528187930583954
1376.3666666666668,,,,,,,,,,,,,,,,,,,,,,,,,,,,,,,,,,,,,,,,,,,,,,,,,,,,,,,,,,,,,,,,,,,,,,,,,,,,,,,,,,,,,,,,,,,,,,,,,,,,,,,,,,,,,,,,,,,,,,,,,,,,,,,0.5157104730606079,0.30639344453811646,-0.000315884652081877,0.5318886637687683,0.26185911893844604,-0.0007989168516360223,0.5428940653800964,0.2623867392539978,0.007660719100385904,0.5538204312324524,0.2630802094936371,0.0009712850442156196,0.5010347962379456,0.2609127163887024,0.004502318799495697,0.4899555742740631,0.2609035074710846,0.002042826497927308,0.4790533185005188,0.2610066831111908,-0.002144106663763523,0.5672792196273804,0.28664833307266235,-0.006294505670666695,0.4644768536090851,0.2849428057670593,-0.004932551644742489,0.5363953113555908,0.3604654371738434,0.004379577934741974,0.4944503605365753,0.3599914014339447,-0.004488175734877586,0.6451948285102844,0.5665110945701599,-0.0084006879478693,0.3869498074054718,0.5629943609237671,0.008512089028954506,0.7086141109466553,0.906302809715271,0.08088169246912003,0.33585765957832336,0.9104027152061462,0.10141094774007797,0.6858571767807007,1.1205363273620605,-0.1383311003446579,0.30321231484413147,1.1477307081222534,-0.04527240991592407,0.6948060393333435,1.2052409648895264,0.0010952521115541458,0.27615612745285034,1.219529151916504,-0.0016556531190872192,0.6685912013053894,1.1914552450180054,0.004670401569455862,0.29084059596061707,1.236608862876892,-0.0006291724857874215,0.6580379605293274,1.16138756275177,-0.00181101867929101,0.31127554178237915,1.2109038829803467,-0.004337154794484377,0.58689945936203,1.1362110376358032,0.23824629187583923,0.4234314560890198,1.1257028579711914,0.25750383734703064
1418.0777777777778,,,,,,,,,,,,,,,,,,,,,,,,,,,,,,,,,,,,,,,,,,,,,,,,,,,,,,,,,,,,,,,,,,,,,,,,,,,,,,,,,,,,,,,,,,,,,,,,,,,,,,,,,,,,,,,,,,,,,,,,,,,,,,,0.5169680714607239,0.30450302362442017,-0.00020559335825964808,0.5332539677619934,0.25981250405311584,-0.0008062963606789708,0.5442715883255005,0.26039114594459534,0.007946062833070755,0.5552083253860474,0.26110008358955383,0.0009510324453003705,0.5020656585693359,0.25847694277763367,0.004475060384720564,0.49086886644363403,0.2581705152988434,0.002044379711151123,0.4798537790775299,0.25795072317123413,-0.0022007254883646965,0.5680980086326599,0.28567957878112793,-0.006295337341725826,0.4642469882965088,0.28209033608436584,-0.005106424912810326,0.5374561548233032,0.3586970865726471,0.004638178739696741,0.4951462745666504,0.3572506606578827,-0.004659831058233976,0.6446264982223511,0.56754070520401,-0.009091404266655445,0.3864813446998596,0.5608863830566406,0.009217631071805954,0.7004141807556152,0.9160627126693726,0.06272564083337784,0.33533573150634766,0.8991426229476929,0.1044255793094635,0.7035608291625977,1.1856244802474976,-0.10293226689100266,0.3019901514053345,1.1553900241851807,-0.04321617633104324,0.7244083881378174,1.2749875783920288,0.0011903420090675354,0.27384433150291443,1.2336738109588623,-0.0005602679448202252,0.6976245045661926,1.279105305671692,0.004824698902666569,0.29165780544281006,1.2512401342391968,-0.0008628302020952106,0.6815174221992493,1.2488040924072266,-0.0022090505808591843,0.3118132948875427,1.2267251014709473,-0.0040991464629769325,0.5912991166114807,1.1346694231033325,0.2348855882883072,0.42650720477104187,1.1268116235733032,0.25981056690216064
1459.788888888889,,,,,,,,,,,,,,,,,,,,,,,,,,,,,,,,,,,,,,,,,,,,,,,,,,,,,,,,,,,,,,,,,,,,,,,,,,,,,,,,,,,,,,,,,,,,,,,,,,,,,,,,,,,,,,,,,,,,,,,,,,,,,,,0.5164790153503418,0.3042948246002197,-0.00018227312830276787,0.5327345132827759,0.2605854868888855,-0.0008131708018481731,0.5435521006584167,0.2610187828540802,0.008162927813827991,0.5542790293693542,0.2615728974342346,0.0008897899533621967,0.5020564198493958,0.2595112919807434,0.004442300647497177,0.4911729395389557,0.2592662274837494,0.0020434358157217503,0.4804793894290924,0.25909823179244995,-0.002361785853281617,0.567780077457428,0.2864266037940979,-0.006280761677771807,0.46581584215164185,0.28324222564697266,-0.0052467514760792255,0.5371272563934326,0.3579777777194977,0.004781866446137428,0.4957088232040405,0.35672515630722046,-0.004720646888017654,0.6428818106651306,0.5703390836715698,-0.008589140139520168,0.3887719511985779,0.5658707618713379,0.008738081902265549,0.6957565546035767,0.9211053252220154,0.06171595677733421,0.3359888195991516,0.9095980525016785,0.08106479048728943,0.7071110606193542,1.1921261548995972,-0.08900737762451172,0.30065852403640747,1.1714491844177246,-0.04316243529319763,0.7273821830749512,1.2801207304000854,0.0012802396668121219,0.27301475405693054,1.250274419784546,-2.52490663115168e-05,0.7034082412719727,1.283919095993042,0.005016716662794352,0.2909359931945801,1.2657774686813354,-0.0010758565040305257,0.6875015497207642,1.2537250518798828,-0.002554748672991991,0.3106848895549774,1.241275668144226,-0.004029632546007633,0.5925145745277405,1.1375504732131958,0.1868784874677658,0.4288184940814972,1.1343979835510254,0.19574220478534698
1501.5,,,,,,,,,,,,,,,,,,,,,,,,,,,,,,,,,,,,,,,,,,,,,,,,,,,,,,,,,,,,,,,,,,,,,,,,,,,,,,,,,,,,,,,,,,,,,,,,,,,,,,,,,,,,,,,,,,,,,,,,,,,,,,,0.5180830955505371,0.3074238896369934,-0.0001696804683888331,0.534300684928894,0.2627074718475342,-0.0008759391494095325,0.5450857281684875,0.2631853520870209,0.008354605175554752,0.5557839274406433,0.2637766897678375,0.0008183766040019691,0.5036765933036804,0.26126664876937866,0.0043677398934960365,0.4927605092525482,0.26078733801841736,0.0020462991669774055,0.4820384383201599,0.2603735327720642,-0.002453429391607642,0.5686453580856323,0.2875865697860718,-0.00625472841784358,0.4665699601173401,0.2829144299030304,-0.005297720432281494,0.5379576086997986,0.36072924733161926,0.004889649339020252,0.49678489565849304,0.3588801920413971,-0.004740866366773844,0.641143798828125,0.5699087977409363,-0.00804448314011097,0.38809847831726074,0.5626664757728577,0.008204905316233635,0.6919873952865601,0.9153158068656921,0.0711296945810318,0.3359997868537903,0.9060602784156799,0.08472936600446701,0.7081102728843689,1.1856874227523804,-0.08059131354093552,0.29861053824424744,1.1771838665008545,-0.03944277763366699,0.7314187288284302,1.272977590560913,0.0013319324934855103,0.27048707008361816,1.2577601671218872,0.0005046846345067024,0.7078434824943542,1.2790039777755737,0.005166967865079641,0.28919488191604614,1.274268627166748,-0.0012547752121463418,0.6884124279022217,1.2498759031295776,-0.00284604262560606,0.30910471081733704,1.2488142251968384,-0.003929703030735254,0.5924322009086609,1.1353075504302979,0.1965683102607727,0.4281410574913025,1.132493495941162,0.21231038868427277
1543.2,,,,,,,,,,,,,,,,,,,,,,,,,,,,,,,,,,,,,,,,,,,,,,,,,,,,,,,,,,,,,,,,,,,,,,,,,,,,,,,,,,,,,,,,,,,,,,,,,,,,,,,,,,,,,,,,,,,,,,,,,,,,,,,0.5207337141036987,0.30932164192199707,-0.00014806556282564998,0.5365589261054993,0.2636268138885498,-0.0009218376944772899,0.5472837090492249,0.26395726203918457,0.008513230830430984,0.5579244494438171,0.2644069790840149,0.0006845761672593653,0.5060112476348877,0.26251980662345886,0.004328242503106594,0.4950713515281677,0.2621667683124542,0.002063079969957471,0.4843277931213379,0.26186662912368774,-0.0024848850443959236,0.5703727602958679,0.2881779074668884,-0.00623328797519207,0.46836763620376587,0.28428515791893005,-0.005341129377484322,0.5403266549110413,0.36226698756217957,0.004992298781871796,0.4993211627006531,0.36075058579444885,-0.00478800805285573,0.6411000490188599,0.5691341757774353,-0.007724510971456766,0.3890770375728607,0.5617669224739075,0.007919090799987316,0.6883522272109985,0.9152330756187439,0.07159137725830078,0.33709776401519775,0.9047068953514099,0.08070279657840729,0.7095599174499512,1.1882295608520508,-0.06833591312170029,0.2980746626853943,1.1783589124679565,-0.04148252680897713,0.731594443321228,1.2736666202545166,0.001394167891703546,0.27047544717788696,1.260040044784546,0.000785602314863354,0.7098441123962402,1.2815911769866943,0.005245201755315065,0.28889036178588867,1.2759737968444824,-0.0012668276904150844,0.6929280161857605,1.2537541389465332,-0.0030886305030435324,0.30874109268188477,1.2499198913574219,-0.003863412421196699,0.5896071791648865,1.1348897218704224,0.19931071996688843,0.42625877261161804,1.1322461366653442,0.21216315031051636
1584.9111111111113,,,,,,,,,,,,,,,,,,,,,,,,,,,,,,,,,,,,,,,,,,,,,,,,,,,,,,,,,,,,,,,,,,,,,,,,,,,,,,,,,,,,,,,,,,,,,,,,,,,,,,,,,,,,,,,,,,,,,,,,,,,,,,,0.5221785306930542,0.30985939502716064,-0.00013645463332068175,0.5373117327690125,0.2641816735267639,-0.0009872905211523175,0.5479015111923218,0.2644508481025696,0.008578254841268063,0.5584102869033813,0.26482200622558594,0.0006164016085676849,0.5071462988853455,0.26322051882743835,0.004293564707040787,0.49632638692855835,0.2629472017288208,0.0020971111953258514,0.48569637537002563,0.26273706555366516,-0.00251561775803566,0.5709945559501648,0.28836551308631897,-0.006213780492544174,0.4699288308620453,0.2857334315776825,-0.005347860511392355,0.5420090556144714,0.361952543258667,0.005015877541154623,0.5013633370399475,0.3612305223941803,-0.0048027029260993,0.6419188976287842,0.570013701915741,-0.006830649450421333,0.3915378153324127,0.5619337558746338,0.007042404264211655,0.6834890842437744,0.9205484986305237,0.06694649904966354,0.33745625615119934,0.9033551216125488,0.07707671821117401,0.7072875499725342,1.2052029371261597,-0.05235921964049339,0.29676759243011475,1.178756833076477,-0.041101861745119095,0.730216920375824,1.292662262916565,0.0013941976940259337,0.26967960596084595,1.2608627080917358,0.0009620885830372572,0.7088091373443604,1.3036032915115356,0.005391884595155716,0.28795912861824036,1.2765843868255615,-0.001325027085840702,0.6913756132125854,1.274951696395874,-0.0032273537945002317,0.30752313137054443,1.2506442070007324,-0.0038376215379685163,0.5890502333641052,1.1361347436904907,0.2035244256258011,0.4268200993537903,1.1334373950958252,0.2175779789686203
1626.6222222222223,,,,,,,,,,,,,,,,,,,,,,,,,,,,,,,,,,,,,,,,,,,,,,,,,,,,,,,,,,,,,,,,,,,,,,,,,,,,,,,,,,,,,,,,,,,,,,,,,,,,,,,,,,,,,,,,,,,,,,,,,,,,,,,0.5212395787239075,0.3086528778076172,-0.00011440530943218619,0.5361087918281555,0.26415011286735535,-0.000992298242636025,0.5466142296791077,0.2641350030899048,0.008594806306064129,0.5570376515388489,0.2642024755477905,0.0005601629964075983,0.5062642097473145,0.2637976408004761,0.004286450799554586,0.495644211769104,0.2636892795562744,0.002099625300616026,0.4852100908756256,0.2635979950428009,-0.002522370545193553,0.5704942941665649,0.2875443398952484,-0.006185672711580992,0.4704587161540985,0.28719478845596313,-0.005366029683500528,0.5418024063110352,0.3595106303691864,0.0050361743196845055,0.5015204548835754,0.36013463139533997,-0.004819953814148903,0.6422547698020935,0.5699474215507507,-0.004291945602744818,0.39367973804473877,0.5639950037002563,0.004486696794629097,0.6821100115776062,0.920892596244812,0.06609880179166794,0.33863088488578796,0.9026297926902771,0.07049016654491425,0.707352876663208,1.2040400505065918,-0.04576664790511131,0.2973155379295349,1.1792240142822266,-0.04235377535223961,0.7299171090126038,1.2913463115692139,0.0014008110156282783,0.2705379128456116,1.2612735033035278,0.0009799075778573751,0.7090564966201782,1.3016899824142456,0.005459424573928118,0.28833022713661194,1.2764443159103394,-0.0013508236734196544,0.6917029619216919,1.2731049060821533,-0.0032715394627302885,0.307693213224411,1.2501286268234253,-0.0038290699012577534,0.5895827412605286,1.1364506483078003,0.17424063384532928,0.42839309573173523,1.1364463567733765,0.18334375321865082
1668.3333333333335,,,,,,,,,,,,,,,,,,,,,,,,,,,,,,,,,,,,,,,,,,,,,,,,,,,,,,,,,,,,,,,,,,,,,,,,,,,,,,,,,,,,,,,,,,,,,,,,,,,,,,,,,,,,,,,,,,,,,,,,,,,,,,,0.5210511684417725,0.3081181049346924,-0.00010485659731784835,0.535983145236969,0.2643699049949646,-0.0010006690863519907,0.5464432239532471,0.2643141746520996,0.008603340946137905,0.5568289160728455,0.2643551826477051,0.000543252972420305,0.506212055683136,0.2642422914505005,0.004284519702196121,0.495681494474411,0.26430994272232056,0.002099580829963088,0.48534974455833435,0.26442456245422363,-0.002530129626393318,0.5702700018882751,0.2877494692802429,-0.006162581034004688,0.4707859754562378,0.2881481647491455,-0.005375793669372797,0.541475772857666,0.35927557945251465,0.005041916389018297,0.5015004277229309,0.3596832752227783,-0.0048359534703195095,0.6421586871147156,0.5699629783630371,-0.0013226517476141453,0.39350053668022156,0.5647173523902893,0.0014777558390051126,0.6818748116493225,0.9204426407814026,0.06980841606855392,0.3386196196079254,0.9022652506828308,0.06872624158859253,0.7071330547332764,1.1997671127319336,-0.03883569315075874,0.2973898649215698,1.1787034273147583,-0.04152830317616463,0.729677677154541,1.286805510520935,0.0014026163844391704,0.2709883451461792,1.2588512897491455,0.0009942002361640334,0.7075014114379883,1.295680046081543,0.0054910010658204556,0.28841152787208557,1.2739229202270508,-0.0013598802033811808,0.6905941367149353,1.2669967412948608,-0.003273852402344346,0.30775320529937744,1.2477456331253052,-0.0038064150139689445,0.5896630883216858,1.136565923690796,0.16139709949493408,0.4282670021057129,1.1381727457046509,0.16114772856235504
1710.0333333333335,,,,,,,,,,,,,,,,,,,,,,,,,,,,,,,,,,,,,,,,,,,,,,,,,,,,,,,,,,,,,,,,0.6949706077575684,0.8591046333312988,-2.1516354536288418e-05,0.7035856246948242,0.8278023600578308,0.016007866710424423,0.7023247480392456,0.7987532019615173,0.02450541779398918,0.6968618035316467,0.778596043586731,0.03086075372993946,0.6883931159973145,0.7680927515029907,0.03659866377711296,0.701683521270752,0.773665726184845,0.010759458877146244,0.6905256509780884,0.7545449733734131,0.021679025143384933,0.6844367384910583,0.7660887837409973,0.02819257229566574,0.683624267578125,0.7806947231292725,0.030682824552059174,0.6931769847869873,0.7722532749176025,0.006070484407246113,0.6810111999511719,0.7559216618537903,0.019563186913728714,0.6752322316169739,0.7687480449676514,0.024092169478535652,0.6746280789375305,0.7818930745124817,0.02378535084426403,0.6839603185653687,0.7768527865409851,0.0037470501847565174,0.6732891201972961,0.7598192691802979,0.013650202192366123,0.6679397225379944,0.7742486000061035,0.015881236642599106,0.6676660776138306,0.7895081639289856,0.015301831997931004,0.6751987338066101,0.7857218980789185,0.0026504741981625557,0.666438102722168,0.7686091661453247,0.009226403199136257,0.6624457836151123,0.7782032489776611,0.01351496484130621,0.6624273061752319,0.7914838194847107,0.016395166516304016,0.5212785601615906,0.30789703130722046,-9.829830378293991e-05,0.5361518263816833,0.2647131681442261,-0.001003701938316226,0.5465663075447083,0.26461827754974365,0.008610217832028866,0.5569028854370117,0.26462721824645996,0.000521805661264807,0.5064009428024292,0.2647590935230255,0.004282671492546797,0.4959138035774231,0.2649475634098053,0.0020995086524635553,0.4856249988079071,0.26519492268562317,-0.0025415855925530195,0.5703744888305664,0.2880711257457733,-0.006157626397907734,0.4710208475589752,0.28917166590690613,-0.005378772504627705,0.5416185855865479,0.35916510224342346,0.005044800695031881,0.501815140247345,0.3595815598964691,-0.004840532783418894,0.6421554088592529,0.5699573159217834,-0.000492475344799459,0.3936815559864044,0.5649840235710144,0.0006215906469151378,0.6804287433624268,0.9203627109527588,0.07180025428533554,0.33856847882270813,0.902655303478241,0.06719842553138733,0.7040252685546875,1.1988439559936523,-0.03421858698129654,0.29724037647247314,1.1794718503952026,-0.04031839221715927,0.7258744835853577,1.2852048873901367,0.0014031109167262912,0.2709417939186096,1.2592228651046753,0.0009958838345482945,0.7061364054679871,1.2946135997772217,0.005493256729096174,0.28795352578163147,1.2742666006088257,-0.001365892356261611,0.688934862613678,1.2661080360412598,-0.0032755222637206316,0.3073243498802185,1.2481486797332764,-0.0038024121895432472,0.59073805809021,1.1366384029388428,0.16135329008102417,0.42875316739082336,1.139288067817688,0.16077075898647308
1751.7444444444445,,,,,,,,,,,,,,,,,,,,,,,,,,,,,,,,,,,,,,,,,,,,,,,,,,,,,,,,,,,,,,,,,,,,,,,,,,,,,,,,,,,,,,,,,,,,,,,,,,,,,,,,,,,,,,,,,,,,,,,,,,,,,,,0.5218956470489502,0.30812573432922363,-8.84882829268463e-05,0.5366564989089966,0.26537567377090454,-0.0010041353525593877,0.5470357537269592,0.26517897844314575,0.008612675592303276,0.5573325753211975,0.26509663462638855,0.0005011967150494456,0.5069992542266846,0.2657189965248108,0.0042790379375219345,0.49654415249824524,0.266038715839386,0.0020998085383325815,0.4862877130508423,0.26641929149627686,-0.002541791647672653,0.5708634257316589,0.2885249853134155,-0.0061571840196847916,0.4717077910900116,0.29040127992630005,-0.005387911107391119,0.5421827435493469,0.3592207133769989,0.005052573978900909,0.5025665760040283,0.3598492741584778,-0.004843845032155514,0.6421212553977966,0.5691611766815186,0.0006864808965474367,0.39469850063323975,0.5640661120414734,-0.0005663653719238937,0.6794417500495911,0.9169091582298279,0.07241864502429962,0.3389930725097656,0.9011512398719788,0.06438768655061722,0.7024953365325928,1.19334876537323,-0.02910255827009678,0.2972695529460907,1.1777993440628052,-0.03853389248251915,0.7237521409988403,1.2785722017288208,0.001403587288223207,0.27106279134750366,1.2580673694610596,0.0010018537286669016,0.7051603198051453,1.2895121574401855,0.005523510277271271,0.2879977226257324,1.2734558582305908,-0.001366796437650919,0.6879051327705383,1.2611281871795654,-0.0032760566100478172,0.30744221806526184,1.2475014925003052,-0.003792421193793416,0.5912913680076599,1.134735345840454,0.16882655024528503,0.4295731484889984,1.1371678113937378,0.1685362160205841
1793.4555555555555,,,,,,,,,,,,,,,,,,,,,,,,,,,,,,,,,,,,,,,,,,,,,,,,,,,,,,,,,,,,,,,,,,,,,,,,,,,,,,,,,,,,,,,,,,,,,,,,,,,,,,,,,,,,,,,,,,,,,,,,,,,,,,,0.5219672918319702,0.30842679738998413,-8.164262544596568e-05,0.5367607474327087,0.2657381296157837,-0.0010044743539765477,0.5471782684326172,0.26545804738998413,0.008615157566964626,0.5575108528137207,0.2653029263019562,0.000492697989102453,0.5069949626922607,0.2663353979587555,0.0042711361311376095,0.49651286005973816,0.266764372587204,0.002100639045238495,0.4862295091152191,0.2672584056854248,-0.0025526348035782576,0.5713497996330261,0.28856146335601807,-0.006153269670903683,0.47174006700515747,0.29106298089027405,-0.005407624412328005,0.5423842668533325,0.3593178391456604,0.005067903082817793,0.5027403235435486,0.3602842688560486,-0.004846110939979553,0.6424298882484436,0.5671723484992981,0.0021676565520465374,0.3952142298221588,0.5635979175567627,-0.0020695936400443316,0.6788914203643799,0.9120055437088013,0.07837047427892685,0.33984100818634033,0.9004359841346741,0.06180024892091751,0.7010918855667114,1.1853516101837158,-0.02744194306433201,0.2984607517719269,1.1766353845596313,-0.038558054715394974,0.7225294709205627,1.2692872285842896,0.001407295698300004,0.27236464619636536,1.2561893463134766,0.001008066232316196,0.7034916281700134,1.280124306678772,0.0055430275388062,0.28891849517822266,1.271770715713501,-0.001368215773254633,0.6864670515060425,1.252439022064209,-0.0032849216368049383,0.3086039423942566,1.2460523843765259,-0.0037875135894864798,0.5934104919433594,1.1314549446105957,0.1764788031578064,0.43125930428504944,1.1356652975082397,0.1732187122106552
